Municipality,PROJECT_ID,AREA,RAINFALL,LAKEPERC,MORAIPERC,RIVERPERC,CLAYPERC,GRAVELPERC,PEATPERC,ROCKPERC,FORESTPERC,HEATSUM,FARMEDPERC,FIELDPERC,INCOME,nay100ha,TAXES,pop1945,HeightRANGE,HeightMEAN,HtMEDIAN,CentroidE,CentroidN
Ahlainen,1,18475,537.665,3.38,64.4,17,19.71,4.9,3.61,4.25,65.003,1149.36,8.2,10.637,12.46,183,99.76,3288,47,23.32798165,24,21.65692061,61.68028517
Alahärmä,2,25990,543.933,0.27,38.45,19.65,32.88,11.29,8.51,8.87,64.997,1106.04,33.2,31.886,8.65,54,80.91,5186,54,49.28156566,49,22.80726321,63.26769842
Aitolahti,3,14082,637.209,29.74,22.26,15.85,16.39,1.06,7.29,24.44,75.076,1207.68,23.6,32.525,27.95,43,191.1,704,62,121.2647059,123,23.89244157,61.56832566
Alajärvi,4,76967,503.818,4.55,52.02,13.21,11,5.82,21.51,5.41,70.275,1057.79,10,11.821,8.99,73,104.23,8628,149,142.3062563,139,23.91550568,63.01876099
Akaa,5,13130,552.422,9.05,39.25,13.76,23.56,9.42,17.46,1.26,75.277,1200.74,30.1,36.293,40.08,52,283.78,4953,82,106.3486239,104,23.84500101,61.13928756
Angelniemi,7,6497,635.677,0,30.99,0,38.71,0.01,0,30.29,65.05,1340.6,26.9,20.538,23.36,801,195.98,987,72,27.96296296,29,22.92586354,60.28133787
Anjala,8,14890,594.636,1.28,30.55,7.93,39.43,7.2,3.2,12.05,65.107,1268.13,22.8,22.154,25.9,91,153.56,4116,62,35.97740113,36,26.722151,60.70934633
Antrea,9,68722,626.791,23.6,49.52,0,3.68,23.56,2.49,6.56,68.43,1249.22,10.6,11.946,21.59,99,131.76,8772,79,26.33115468,26,29.12210899,60.89886795
Anttola,10,23655,549.151,39.39,23.36,4.1,0.32,1.22,0,36.07,74.727,1212.3,8.4,7.191,15,155,103.97,3055,78,92.53481013,89,27.68387626,61.59968171
Artjärvi,11,17900,598.782,11.34,17.29,13.35,46.68,1.86,1.55,21.26,65.247,1243.15,24.4,24.701,18.98,86,129.53,2691,71,63.42765957,64,26.06856669,60.76229722
Asikkala,12,54463,553.337,29.95,26.81,6.93,13.23,15.86,4.11,10.53,69.533,1200.81,12.9,12.151,15.2,157,98.58,7957,120,109.838674,106,25.58369423,61.21250682
Askainen,13,5683,608.815,0.71,0,0,43.5,2.98,1.48,52.04,65.021,1350.38,28.4,37.179,14.92,101,112.83,916,46,17.96774194,18,21.80682539,60.53173387
Askola,14,20528,602.497,2.79,29.01,16.66,39.97,3.23,1.46,24.24,60.409,1250.29,25.5,25.792,25.77,75,141.44,3237,60,41.47378641,41,25.6092413,60.54380421
Alastaro,15,27393,607.227,0.02,14.94,22.45,50.82,13.25,9.25,11.75,56.813,1196.19,27.4,27.869,16.47,70,127.65,4836,71,88.12324493,86,22.81508313,60.97340585
Alatornio,16,86747,547.99,0.62,52,13.14,2.27,7.13,33.04,4.43,85.168,940.37,1.8,1.954,18.08,332,176.04,9096,168,69.17205882,61,24.32831465,66.06238163
Aura,17,6767,631.118,0,8.81,26.46,62.12,0.76,1.42,26.9,63.092,1243.95,40,28.202,25.18,671,151.16,1994,45,62.17535545,62,22.55166437,60.63492167
Alaveteli,18,15890,522.088,5.4,54.25,25.45,11.39,5.1,26.17,0,64.873,1051.57,10,10.819,16.27,132,80.96,1884,68,43.71685761,45,23.47305027,63.69745998
Alavieska,19,26600,501.59,0.18,39.85,23.62,22.07,0.41,14.18,23.49,65.004,1044.05,6.4,11.062,7.77,180,69.13,3824,42,55.92647059,55,24.33436905,64.18107352
Alavus,20,84591,554.018,8.93,42.9,16.01,11.2,1.03,25.76,11.43,68.811,1087.36,9.4,11.915,9.98,91,74.07,10523,79,135.6545628,135,23.50473706,62.56048711
Elimäki,21,36951,589.685,0.65,26.6,19.14,55.06,7.85,1.38,7.4,65.306,1259.31,26.1,23.53,26.76,74,119.17,7594,112,43.9055666,42,26.51526712,60.74158947
Eno,22,91574,556.571,14.7,56.1,14.85,0.81,12.74,6.12,7.42,84.449,1069.71,2.3,2.324,13.1,215,122.51,9293,182,135.9129623,133,30.26725999,62.82663297
Enonkoski,23,10519,565.31,38.33,48.59,4.91,0,2.3,0,12.3,83.725,1202.88,11.6,7.04,15.42,191,119.46,3202,102,99.73072747,101,28.89010749,62.1118179
Enontekiö,24,806828,419.582,3.98,52.61,16.05,0,12.83,16.35,15.12,47.177,524.18,0,0.969,16.77,0,70.53,1685,1049,473.5976599,428,22.88237229,68.64909314
Eräjärvi,25,8492,543.564,35.35,17.38,2.67,21.99,1.46,2.21,21.6,75.011,1205.01,20.3,21.11,13.79,124,79.27,1921,124,117.6131148,114,24.58336567,61.5696085
Eura,26,19524,587.832,11.34,35.81,20.79,22.05,2,10.15,19.68,65.032,1227.92,20.4,19.286,30.33,87,144.82,4969,56,53.49186992,53,22.08470421,61.1163781
Eurajoki,27,32558,539.526,0.66,45.61,16.66,22.82,6.26,10.52,14.48,65.003,1236.73,16.3,19.683,11.38,112,80.15,5738,62,33.53772455,34,21.72682959,61.23090424
Evijärvi,28,34125,509.388,12.36,49.68,14.08,1.24,1.63,33.21,2.82,64.766,1082.4,14.3,13.467,8.12,79,76.71,4012,43,71.82840237,71,23.445743,63.38497571
Forssa,29,70212,600.184,2.23,34.41,17.78,48.05,3.84,5.73,6.51,54.59,1199.94,16.3,36.384,44.4,12,294.3,7806,57,129.5215517,130,23.61682514,60.85021277
Haapajärvi,30,72207,496.174,3.21,57.51,11.94,13.28,4.46,19.76,2.41,73.041,999.71,5.4,7.729,9.2,94,110.18,8210,120,130.9158607,132,25.37835061,63.77305067
Haapavesi,33,107850,502.916,4.09,53.42,12.22,6.74,3.27,26.57,6.1,65.002,1011.98,2.7,6.121,9.05,192,103.83,7589,91,121.1827023,122,25.36334185,64.13529592
Hailuoto,34,16954,492.155,1.9,12.33,0.66,7.47,78.79,0,0,65.279,1050.03,4,3.993,9.14,296,61.85,1710,32,9.143953935,10,24.75757787,65.02718032
Halikko,35,30062,632.663,0,10.03,21.44,48.27,6.02,2.81,32.87,60.393,1291.19,32.1,36.737,20.43,701,171.16,5787,124,56.81014304,58,22.98412854,60.43723821
Halsua,36,29430,532.977,4.18,52.73,18.05,6.24,7.64,28.76,0.58,81.042,1019.35,11.5,8.085,5.34,46,41.26,1871,76,148.5152225,144,24.25217568,63.43534619
Hankasalmi,37,55291,546.262,23.86,68.19,6.75,1.94,1.41,4.8,1.65,83.17,1199,8.5,7.145,13.52,173,140.48,7847,129,122.4861639,121,26.43002254,62.38817132
Harjavalta,38,8842,552.05,0,29.24,6.26,21.69,30.65,11.08,0.73,65.04,1207.77,22.8,36.138,18.51,103,124.03,3620,35,43.14761905,43,22.13660404,61.31773918
Harlu,39,80663,611.284,1.94,48.45,4.68,31.31,5.96,0.01,11.11,75.991,1129.36,13,11.571,30.94,37,188.17,7828,154,57.994003,57,30.90032984,61.77752389
Hartola,40,74390,547.024,27.71,53.83,10.37,4.22,4.82,2.71,7.18,85.12,1204.32,8.1,7.861,11.82,111,147.59,5797,112,115.5917065,114,26.04692143,61.60231594
Hattula,41,28861,555.749,13.02,41.75,9.82,16.29,13.86,13.27,0.59,71.531,1205.76,18.1,18.538,20.45,90,157.02,5029,90,120.3375576,125,24.2558117,61.0030035
Hauho,43,33650,540.306,29.03,28.8,7.71,15.94,9.12,7.85,10.58,64.939,1206.79,22,20.4,20.89,95,150.87,5520,74,105.8009828,100,24.54146359,61.20501016
Haukipudas,44,43510,497.581,1.36,49.3,18.28,0.09,33.11,14.38,2.3,65.024,1043.79,3.1,3.886,21.87,241,231.29,10883,101,41.0962406,38,25.58303134,65.18427246
Hausjärvi,45,51855,652.561,2.97,18.63,15.74,40.06,19.14,9.77,9.81,64.793,1229.72,19.3,23.204,26.53,72,159.76,8125,92,103.980042,101,24.9569423,60.78300681
Haukivuori,46,38923,550.364,30.76,50.82,8.79,0,1.4,17.99,0.69,75.313,1203.37,10,7.499,19.5,106,137.06,4422,61,111.8751014,113,27.13329248,62.05667079
Heinjoki,47,31000,647.849,2.66,46.63,4.75,10.97,28.59,10.39,0,72.481,1251.95,9.3,8.693,19.35,918,179.93,3712,65,32.68193069,32,29.18072534,60.69856803
Heinola,48,57778,538.482,25.22,33.86,7.29,2.49,7.11,1.41,30.89,78.459,1212.87,6.4,8.492,24.45,219,167.06,8891,85,106.3968891,105,26.12670038,61.25833543
Heinävesi,49,108952,594.444,30.67,57.5,7.3,0,1.43,0.9,11.58,84.845,1196.48,2.8,4.497,13.42,281,153.3,8932,150,114.1237439,115,28.72215333,62.42323208
Hiitola,53,46380,566.89,0,9.94,9.86,55.84,6.51,4.78,20.73,67.344,1263.16,14.4,12.481,15.73,10111,133.4,8265,97,36.02826855,36,29.68850443,61.23601082
Himanka,54,22795,503.667,0.52,64.49,26.63,2.59,14.45,14.95,3.53,65.033,1048.6,7.3,8.23,14.71,150,99.5,3389,82,33.38544892,35,23.78190318,64.06440316
Hinnerjoki,55,10807,619.849,4.02,34.57,18.85,7.46,2.47,23.69,28.07,65.007,1235.7,13.9,16.799,13.58,121,89.96,1679,47,47.6130137,48,21.99164511,60.96805039
Hirvensalmi,56,45307,549.801,49.5,44.39,1.98,0,1.02,1.51,4.8,83.655,1209.16,8.3,7.567,11.64,207,100.84,5868,85,107.9502188,104,26.71927812,61.69533785
Hämeenkyrö,57,48657,621.999,9.74,22.46,12.37,39.84,6.71,10.21,12.08,72.593,1200.49,14.8,17.282,19.92,99,104.51,8375,125,109.1133858,109,23.17583238,61.62247607
Hollola,58,51894,595.736,15.05,19.87,9.76,32.65,18.39,3.94,10.39,64.533,1205.76,19.1,18.329,41.17,107,315.54,6419,154,114.4718586,111,25.50391874,61.00396697
Hongonjoki,59,30745,605.017,0,44.41,19.16,17.66,8.85,25.63,3.45,72.121,1120.63,8.6,11.437,6.57,111,64.01,3678,73,108.7701564,107,22.22807425,62.01354459
Honkilahti,60,11764,617.96,23.01,36.24,12.42,6.52,0.58,15.07,20.18,65.145,1231.08,10.4,13.357,12.26,1,81.87,1725,57,51.54696133,52,22.16393116,60.97140431
Huittinen,61,49261,593.058,0,30.92,21.21,40.39,6.12,13.53,6.88,57.514,1207.35,26.9,33.856,16.76,64,132.7,9007,77,71.39149888,70,22.74204349,61.16740674
Humppila,62,13800,600.513,0.54,29.97,14.01,45.51,8.53,8.27,7.19,54.964,1195.97,23,36.541,17.3,92,146.61,2908,72,119.9460227,120,23.35201751,60.94440594
Hyrynsalmi,63,144100,597.801,7.58,55.69,14.82,0,6,26.78,4.93,81.909,922.46,0.5,2.008,11.4,307,115.64,3758,229,201.4051745,197,28.69498429,64.65254523
Hyvinkää,64,51855,702.222,4.99,25.48,18.64,26.53,14.65,13.86,14.85,65.23,1253.11,19.3,16.895,37.66,52,220.47,10591,75,100.4045802,99,24.81692572,60.60978932
Ii,65,146570,487.963,0.71,46.5,11.11,0,19.73,21.22,8.58,69.131,1034.7,1.2,2.183,19.09,184,160.48,4888,110,49.28922816,46,25.57927522,65.41699737
Iisalmi,66,298537,542.14,17.71,60.95,7.82,13.85,2.94,4.18,1.28,79.274,1088.98,2.6,4.212,23.55,105,220.84,16279,177,124.8413398,122,27.15499346,63.52782111
Iitti,67,68844,559.798,18.34,21.3,7.67,24.61,8.39,3.68,23.21,64.696,1238.15,13.6,17.616,19.24,78,151.48,8256,120,82.26629766,83,26.27543672,60.93681556
Ikaalinen,68,84607,638.881,13.4,37.53,11.78,17.68,6.34,9.61,16.93,68.693,1189.66,8.3,11.857,11.02,126,99.16,10006,113,129.2725255,131,23.11320787,61.8319646
Ilmajoki,69,61460,550.668,0.23,38.46,17.55,33.07,2.68,17.2,8.58,64.898,1103.33,28,25.917,12.74,63,117,12564,132,78.9029304,81,22.59421187,62.72093359
Ilomantsi ,70,137227,584.651,17.07,44.77,10.63,0.02,12.23,25.99,1.66,85.815,1022.15,0.7,1.988,16.08,220,175.73,10328,171,166.1175373,165,30.99397812,62.83783006
Impilahti,71,88940,618.043,1.17,41.73,5.22,8.06,34.87,0.41,9.35,80.466,1115.68,2.8,4.791,20.55,204,114.98,14190,105,57.63309025,63,31.41515007,61.70544617
Isojoki,74,63361,579.382,0.84,52.54,16.81,10.84,6.87,27.81,1.71,68.044,1119.83,5,10.311,6.9,153,70.2,5394,175,102.9757161,101,21.90583033,62.11934029
Isokyrö,75,90003,557.529,0.13,45.57,22.01,33.33,2.09,14.95,3.93,65.003,1103.08,26.2,14.839,11.07,71,91.69,6839,57,40.66888889,39,22.3446928,62.97626789
Jaakkima,76,77680,560.674,0,18.95,4.68,5.09,39.75,13.15,18.99,80.817,1247.94,11.3,12.471,17.56,779,118.64,10700,106,49.79562044,53,30.19658384,61.54550256
Jaala,77,36067,544.175,28.51,37.3,6.9,4.83,5.45,1.53,24.09,76.162,1229.37,5.7,8.445,20.68,186,124.56,3225,98,94.71561051,93,26.48662909,61.13553502
Jalasjärvi,78,79867,555.099,2.15,41.33,15.39,20.65,1.78,25.9,8.43,68.596,1090.55,18,19.7,6.26,71,66.87,12939,112,120.7861969,121,22.8335377,62.43711927
Janakkala,79,40382,587.346,7.3,23.35,13.73,37.44,13.06,10.88,8.5,68.627,1222.27,16.5,17.029,37.51,111,162.2,9012,102,108.2813688,106,24.67144893,60.86474118
Jepua,80,16470,551.98,0.31,36.87,12.93,27.2,9.58,21.72,4.62,64.999,1079.82,17.2,19.18,16.44,65,88.03,1785,41,35.21983914,35,22.75192631,63.37847459
Joensuu,81,413575,548.323,8.84,23.63,9.73,4.73,43.88,14.45,1.7,77.001,1113.01,0.7,3.946,61.77,35,647.63,6157,167,103.5979681,91,29.91305575,62.62668878
Johannes,82,22177,646.029,0.78,47.12,7.94,37.98,6.5,6.14,0,74.073,1261.52,10.1,11.974,22.68,133,111.6,10303,62,24.29333333,22,28.79173909,60.51649803
Jokioinen,83,17815,605.452,1.02,21.76,22.44,50.44,8.85,4.27,13.79,54.953,1195.62,30.5,37.542,26.37,88,163.95,5193,69,112.8598131,113,23.46258265,60.83709023
Joroinen,84,68556,562.366,23.11,57.54,10.77,3.38,10.26,5.82,0.97,75.596,1199.99,8.8,7.931,20.32,136,175.95,6810,116,98.17706237,95,27.77378636,62.19244895
Joutsa,85,42780,550.063,35.48,55.47,5.28,0.41,3.63,2.66,3.33,85.138,1202.68,9.3,6.874,13.7,170,91.7,4972,130,113.5559465,109,26.25878757,61.75750183
Joutseno,86,28345,592.399,31.43,1.28,9.47,27.23,18.21,5.01,17.04,74.405,1270.93,9.4,11.242,27.56,154,211.01,8265,97,66.90586797,68,28.57907642,61.12100366
Juankoski,87,147775,599.319,40.98,53.48,2.99,1.35,4.23,0,0.61,74.783,1159.55,1.8,11.808,19.72,51,185.97,1985,87,99.66326531,92,28.32781632,63.07205896
Jurva,90,17070,555.819,0.2,60.05,22.72,23.17,1.31,15.24,0.22,64.994,1092.23,19.8,23.794,4.73,103,37.49,5568,129,103.1044304,92,21.93407661,62.66315003
Juuka,91,147775,601.292,22.37,55.61,12.05,2.01,3.65,6.96,10.75,84.827,1020.43,1.8,1.854,11.9,336,119.86,10417,236,153.9773869,155,29.17884459,63.20790187
Juupajoki,92,62735,605.817,9.28,19.8,21.93,17.6,15.31,5.47,34.09,81.096,1198.37,10.2,11.608,22.17,45,155.2,3201,104,143.9393491,145,24.47058211,61.82435317
Juva,93,114999,553,16.41,58.25,11.9,0,3.92,9.45,13.4,79.01,1201.26,8,7.401,14.44,162,124.43,11959,104,110.4624924,112,27.80441831,61.84096935
Jyväskylä,94,74442,559.2,21.44,54.54,10.06,4.79,7.81,0.62,12.49,85.023,1188.9,7.6,7.13,47.77,95,364.56,35998,173,137.2768427,137,25.72977953,62.25942573
Jämijärvi,97,19489,620.461,7.98,30.56,12.92,36.27,11.92,12.25,1.37,67.933,1164.73,11.4,15.656,8.67,124,80.58,3618,82,124.4797794,124,22.67556323,61.84220381
Jämsä,98,104500,583.478,20.69,33.27,12.36,13.07,5.55,3.04,25.69,84.898,1199.34,7.8,7.465,21.88,102,212.09,8489,143,122.8995327,122,25.21910736,61.88147891
Jäppilä,99,15438,564.263,24.69,60.2,6.85,0.42,8.64,4.47,2.52,79.383,1200.26,11.1,11.374,13.7,188,119.52,2894,103,110.3308365,109,27.43167673,62.39611922
Jääski,101,40060,611.092,9.54,25.65,7.8,39.79,18.2,2.6,7.41,70.82,1248.52,13.9,11.485,38.1,125,179.94,3233,98,41.57399103,39,28.89250982,61.04179544
Kaarina,102,7037,624.959,1.57,3.4,9.03,52.38,5.87,0,36.76,65.021,1336.28,38.2,37.503,48.37,95,357.52,2572,59,30.39534884,30,22.34769593,60.42598137
Kaavi,104,86430,606.808,23.51,63.13,9.55,0.27,4.15,1.39,9.84,80.542,1111.55,3.3,5.443,8.49,258,115.93,6682,177,131.8163118,131,28.68766075,63.00829711
Kajaani,106,119110,605.537,17.55,50.04,7.57,2.72,2.14,24.2,4.11,81.89,1000.37,0.9,2.207,44.38,267,366.7,12981,167,171.0652985,170,27.64527777,64.09816541
Kakskerta,107,3124,615.716,7.18,0,0,25.37,2.17,0,64.79,65.117,1350,27.4,37.492,33.1,80,141.42,574,33,14.10810811,13,22.20568756,60.36453448
Kalanti,108,27090,609.781,2.31,19.41,19.13,21.39,1.49,10.97,46.74,65.023,1250.85,16.4,22.64,10.9,129,90.15,3545,35,12.22170543,11,21.51705337,60.80768233
Kalajoki,109,48561,501.165,0.58,33.03,16.05,5.78,39.12,10.52,11.55,65.021,1049.86,7.8,10.774,12.72,124,115.26,6190,57,32.89236364,34,23.9953532,64.22596279
Kalvola,111,34100,560.489,11.73,50.24,12.99,9.12,13.15,15.08,1.88,71.421,1200.78,10.8,23.544,21.51,118,155.16,4006,118,134.5172043,139,24.01070045,61.02845537
Kangasala,112,35988,568.973,30.04,19.9,5.94,17.53,5.74,4.46,22.85,71.077,1202.61,18.5,22.788,24.6,96,178.16,7271,102,114.4593373,109,24.12505376,61.48845259
Kanneljärvi,113,82000,600.955,1.85,13.42,10.82,9.77,59.7,14.76,0,75.12,1272.99,9.2,7.797,18.33,333,103.24,3805,86,52.812,53,29.49277295,60.32944162
Kannonkoski,114,126421,529.356,24.04,67.33,7.96,0,1.78,4.45,3.05,84.957,1169.87,1.9,3.006,10.79,50,131.83,3068,119,145.5698086,145,25.33947668,62.96930971
Kangaslampi,115,26631,590.965,36.92,57.36,6.52,0,0.65,0.26,5.16,80.362,1206.74,4.6,4.427,16.02,215,95.97,2508,97,96.15369837,97,28.32312354,62.26756151
Kangasniemi,116,100110,550.082,24.79,67.81,7.09,0.09,1.96,3.18,3.42,81.109,1199.75,5.6,6.699,12.5,207,95.24,10342,125,126.8373016,123,26.618989,62.03363651
Kannus,117,40530,509.239,0.15,46.22,18.02,12.07,17.02,23.23,1.46,64.599,1042.16,9.9,9.804,12.29,105,142.14,5436,85,75.82482325,73,23.96393785,63.92430198
Kankaanpää,118,71441,611.478,3.11,30.69,15.06,17.66,11.65,24.5,12.68,67.168,1148.81,7.1,9.566,9.28,132,80.43,10649,108,106.0471233,103,22.37936267,61.84320021
Karijoki,120,15740,552.982,0.21,54.5,24.45,24.74,2.78,16.69,1.29,65.145,1111.67,14.3,21.532,8.68,104,77.74,3142,112,82.0397351,82,21.74502649,62.32596219
Karinainen,121,27664,627.76,0,13.12,17.65,56.64,4.9,5.05,20.28,54.753,1227.6,25,27.516,30.49,20,132.61,2136,48,72.80748663,73,22.79435968,60.66486498
Karkku,122,17763,595.333,20.53,29.38,7.18,20.67,0,7.43,22.24,72.962,1200.09,19.1,20.713,19.08,91,147.74,3307,101,96.06586826,98,23.07636641,61.41142951
Karjalohja,123,12000,732.096,35.15,5.06,8.1,24.05,10.35,3.29,29.77,65.154,1301,23.7,24.63,19.78,95,100.42,1901,75,55.67574932,54,23.72723432,60.23885413
Karstula,124,126901,546.746,10.6,60.07,9.45,3.82,2.61,22.05,1.54,85.293,1060.5,4.7,3.893,16.22,87,119.71,6414,112,186.3067093,187,24.76302892,62.88591304
Karttula,125,77729,543.629,25.14,65.51,14.88,0.2,3.65,3.27,4.06,84.181,1147.62,5.3,7.684,15.15,174,185.01,4751,91,119.070903,117,27.15239015,62.85245701
Karjala Tl.,126,7200,629.456,0.1,20.07,21.82,10.31,4.28,38.28,27.06,65.051,1241.53,12.3,16.677,11.81,148,98.85,1423,53,47.07142857,47,22.07788005,60.81615977
Karuna,127,8320,625.637,0.65,0.08,1.23,42.85,2.72,0,54.35,65.008,1350.05,30,37.861,20.43,79,122.6,1229,47,17.03184713,16,22.57485221,60.26616712
Karunki,128,23689,594.774,1.66,50.86,15.61,0,15.96,20.77,3.25,84.998,948.99,2.6,1.916,12.96,384,123.43,2537,112,57.67901235,58,24.05902068,66.06898457
Karvia,129,44361,585.88,3.25,34.98,15.63,19.75,6.79,34.4,1.06,75.509,1096.61,4.8,12.103,6.9,153,68.2,4972,59,149.019425,150,22.61944622,62.15226079
Kauhava,131,50632,501.354,0.61,43.83,18.38,27.17,4.23,14.39,10.38,64.994,1108.39,27.4,25.106,10.82,52,111.54,8761,94,67.32764748,69,23.14305336,63.12297999
Kauhajoki,132,126643,566.481,1.24,35.58,16.47,21.34,8.91,32.88,0.19,68.341,1094.44,11.2,14.923,9.95,77,77.53,15263,123,142.7101716,145,22.26004461,62.34072732
Kaukola,133,26433,554.142,14.26,20.67,3.42,48.43,6.37,2.13,15.87,65.629,1259.95,13.6,12.23,16.21,113,150.54,4201,61,23.33832709,21,29.77875703,61.08011621
Kaustinen,134,27450,518.356,1.48,46.58,21.54,7.71,7.24,35.88,1.58,66.791,1045.2,10.7,11.49,8.94,108,93.67,3774,124,83.42137097,79,23.78908735,63.58310968
Kauvatsa,135,15015,577.479,3.1,42.68,28.08,26.2,0.91,13.89,12.99,63.595,1202.84,18.2,23.118,15.39,90,115.63,2843,78,67.84735202,64,22.52052468,61.35579997
Keikyä,136,49261,585.645,0.81,40.06,3.35,24.06,0.74,2.13,27.07,58.283,1207.04,26.9,30.236,21.25,14,123.19,1959,73,81.69518717,85,22.6857681,61.29029494
Keitele,137,46372,578.794,17.43,64.78,14.1,1.01,1.16,15.49,0.34,84.002,1097.55,3.4,4.118,11.31,265,125.23,4189,116,128.9028995,128,26.31491843,63.19708357
Kemi,139,57329,517.691,0.32,48.41,11.34,0,21.14,21.71,5.37,85.407,944.74,2.5,3.159,47.39,284,439.96,22448,108,36.80092593,37,24.70681178,65.85053314
Kemijärvi,140,346595,486.866,9.88,61.88,9.81,0,3.86,19.93,3.76,85.52,806.24,0.7,2.509,24.32,312,240.68,9747,323,205.524106,197,27.37618068,66.6965099
Kempele,141,12683,504.366,0.4,11.01,5.28,32.86,35.66,20.47,0,65.003,1046.46,9,8.306,14.57,140,196.72,1744,41,22.81694915,24,25.57760712,64.8995458
Kerimäki,142,94698,544.395,40.9,45.57,5.77,0.12,7.57,6.04,0.74,83.159,1206.89,7.2,6.961,12.68,104,113.79,7612,87,83.72951583,84,29.28658439,61.96916672
Kestilä,143,52660,546.294,0.82,41.61,14.77,14.32,4.9,38.54,0.18,64.494,1004.42,3.8,6.641,8.3,148,100.28,3373,83,119.199308,118,26.37464975,64.3210058
Kesälahti,144,37187,546.63,37.1,24.89,5.67,0.98,29.56,8.2,0,76.036,1219.92,6.2,5.315,11.13,138,87.93,3917,74,79.61958042,78,29.7464745,61.93507857
Keuruu,145,110114,595.451,16.87,61.46,12.81,4,4.08,9.3,5.44,84.128,1144.7,4.2,4.161,23.53,153,150.41,8297,130,152.8879968,152,24.66266916,62.25970245
Kihniö,146,111384,546.661,17.55,44.67,12.33,7.02,2.37,25.43,4.24,75.138,1083.53,4.1,15.74,7.89,24,64.98,3720,71,155.5295203,154,23.2425679,62.20599284
Kiihtelysvaara,147,75241,559.586,9.26,46.5,18.8,0.7,27.41,11.86,5.52,81.984,1067.11,5.4,3.537,10.56,123,118.97,3745,146,131.9199717,131,30.30055067,62.4753367
Kiikala,148,24200,635.041,3.41,11.68,21.29,30.79,22.14,7.62,25.47,57.14,1273.29,20.5,26.232,15.87,88,131.83,3578,104,97.4675835,99,23.52853363,60.46027203
Kiikka,149,22584,586.236,4.76,49.74,10.6,19.81,2.48,12.1,10.6,61.809,1203.2,17.5,24.004,13.87,94,116.53,3750,73,88.39473684,91,22.72939759,61.35650064
Kiikoinen,150,7298,581.69,6.36,55.36,13.05,13.14,0.61,22.65,1.85,65.161,1194.74,29.1,31.477,12.24,106,88.3,2638,62,74.96484375,73,22.56240137,61.47614159
Kiiminki,151,26590,502.603,2.35,49.98,22.11,0,21.09,19.69,6.89,64.946,1034.83,2.8,4.405,9.79,235,101.33,2352,47,57.57700893,59,25.81635971,65.1259027
Kinnula,152,72422,554.75,9.6,65.63,15.85,2.61,2.85,16.96,2.95,85.161,1063.66,3.7,2.139,9.58,86,75.14,2465,98,166.9061033,167,25.02944735,63.33376168
Kirvu,153,64970,592.385,5.57,53.28,8.51,11.43,19.92,2,6.43,67.087,1254.27,7.8,8.942,15.61,158,110.67,8721,112,53.86151079,55,29.32977698,61.0911054
Kisko,154,23129,695.085,14.92,13.62,18.73,22.72,10.04,10.48,30.11,62.814,1292.52,17.6,24.84,16.01,961,139.56,3160,95,61.80495356,63,23.46202386,60.25344365
Kitee,155,95216,560.864,24.83,35.37,6.04,2.91,21.74,15.21,1.71,74.949,1155.81,8,6.572,7.76,145,61.97,11190,125,95.34412082,96,30.0770471,62.05813415
Kittilä,156,805618,421.794,1.64,55.59,12.86,0,11.2,28.21,3.55,77.153,687.96,0.1,-0.128,17.96,972,229.75,6172,598,252.4290821,238,25.0361469,67.81672355
Kiukainen,157,16970,555.283,0.47,38.32,25.75,47.91,4.99,5.64,3.14,64.993,1220.83,31.2,33.456,18.66,92,83.9,4637,40,41.22168675,40,22.03807227,61.22944517
Kiuruvesi,158,131764,555.906,8.62,64.7,12.47,5.61,0.61,19.65,1.29,77.679,1036.67,4.5,3.177,12.11,182,153.29,13395,134,135.6011809,134,26.53631917,63.68170052
Kivennapa,159,73307,604.002,0.86,58.47,9.33,1.59,28.15,10.06,0,75.277,1268.89,7.7,7.994,14.03,144,94.41,9912,151,95.79448457,101,29.83039639,60.35524102
Kivijärvi,160,126421,550.031,23.41,63.87,6.34,0,2.06,7.51,4.05,85.057,1124.75,1.9,1.872,10.79,54,131.78,2473,96,162.5022772,165,25.05366268,63.1538159
Kodisjoki,161,53165,599.298,6.25,27.47,6.52,26.41,0,8.77,32.19,64.999,1247.17,10.5,17.073,5.5,136,50.17,628,40,37.44642857,38,21.70865297,61.02996994
Koijärvi,162,70212,582.793,6.08,40.48,14.19,19,10.62,21.81,2.86,62.848,1199.55,16.3,35.651,20.05,27,139.16,2891,73,136.5123967,136,23.70682272,60.97514858
Koivisto,163,30492,643.374,3.48,5.99,0,8.52,75.81,8.69,0,74.368,1278.79,9.1,7.717,20.03,150,159.25,11993,74,25.14452555,24,28.65721497,60.3929903
Kokemäki,164,33962,569.421,7.84,33.35,6.3,21.37,10.82,11.46,9.7,64.564,1206.57,25.8,26.066,16.36,88,123.77,8693,52,54.67295005,53,22.34832441,61.31251482
Kolari,165,228106,430.409,1.97,53.44,11.43,0,11.52,28.3,3.9,85.33,827.87,0.1,0.402,17.84,635,123.52,3711,547,199.3039178,189,24.15279847,67.24919318
Konginkangas,167,28392,505.023,36.24,55.89,6.25,1.24,3.13,0.88,5.08,85.109,1202.39,5.7,7.226,14.99,133,135.12,2490,117,122.9371782,121,25.83806842,62.81872337
Konnevesi,168,116231,515.61,32.73,60.71,4.44,0.11,0.73,2.2,4.74,85.022,1202.09,6.4,7.539,16.42,75,146.09,4612,125,111.4095386,110,26.31374724,62.69169149
Kontiolahti,169,87932,562.174,26.69,42.9,12.52,1.07,15.86,4.31,8.76,77.831,1102.55,2.8,3.403,17.51,316,163.26,7783,217,119.3185404,117,29.85900434,62.82243503
Kortesjärvi,171,28625,510.702,4.1,59.52,17.91,7.46,3.01,17.02,9.84,65.009,1096.22,13.9,18.83,6.68,101,68.63,3753,53,69.05149051,69,23.19550108,63.27920972
Korpilahti,172,82690,559.869,26.34,45.69,6.28,3.46,4.23,1.3,20.31,85.03,1201.19,6.1,6.95,18.48,146,160.41,6745,174,127.9141274,128,25.6197669,62.01441586
Koski Hl.,176,18570,600.729,5.43,20.97,14.53,37.58,18.45,5.13,12.47,64.408,1205.17,15.7,17.828,17.39,129,146.11,2398,101,134.5603448,133,25.14721025,61.0032315
Koskenpää,177,104500,590.395,14.38,68.45,11.63,2.2,2.27,7.81,6.21,85.214,1190.34,7.8,7.303,14.79,41,150.6,2332,113,137.6531792,134,25.06779665,62.10625693
Koski Tl.,178,18932,623.183,0.18,21.41,20.32,58.33,11.64,2.36,6.26,54.99,1211.22,29.6,37.617,17.07,74,126.99,3512,50,88.97767857,88,23.13085894,60.6604248
Kuhmalahti,179,17330,544.701,28.96,36.16,6.6,12.56,3.94,7.1,11.85,77.013,1208.35,10.9,13.14,13.81,157,101.16,2343,109,124.8477444,122,24.69813721,61.50431239
Kuhmoniemi,180,473920,580.209,15.28,60.81,9.79,0,2.69,18.57,3.84,77.37,975.76,0.4,2.274,16.03,290,116.18,10667,168,200.2289929,200,29.6736496,64.18130377
Kuhmoinen,181,72765,559.486,35.18,36.93,7.38,5.25,3.27,4.3,17.01,84.615,1198.47,5.5,8.105,20.57,190,134.74,5593,136,124.1940747,130,25.17539978,61.61247034
Kuivaniemi,182,103928,500.676,3.28,44.97,15.24,0,13.08,28.69,9.99,74.141,976.65,0.3,2.043,9.51,654,99.62,3295,147,90.00753012,97,25.69390707,65.65283188
Kullaa,183,26958,557.982,9.24,62.54,18.83,5.55,2.44,19.97,1.55,65.081,1181.44,7.7,16.176,17.05,133,95.7,2660,80,57.38082557,54,22.18864481,61.49336364
Kuolemajärvi,184,36761,645.718,8.06,16.93,8.89,2.95,63.03,9.78,0,75.254,1272.3,8.1,7.886,10.64,144,125.29,5686,73,33.58280922,33,28.98478623,60.39676738
Kuopio,185,121685,563.629,45.64,49.27,6.48,1.38,1.53,1.04,4.34,75.959,1188.72,7.1,7.832,33.63,106,314.09,34675,142,98.87146051,89,27.5910561,62.8819235
Kuortane,186,47950,524.93,6.01,44.87,16.19,17.53,3.09,23.54,5.72,64.447,1087.74,13.2,12.995,9.78,83,91.7,5458,132,119.8741093,119,23.51831195,62.78352713
Kuorevesi,187,33110,590.684,14.55,41.75,9.26,9.49,5.75,6.59,22.9,83.439,1199.73,6.5,8.231,13.24,138,122.42,3847,135,139.3860497,139,24.80682365,61.86659358
Kurikka,189,45073,554.525,1.08,42.6,13.03,32.84,2.76,16.41,4.48,64.882,1103.22,25.5,23.763,9.52,65,76.45,10128,154,113.9691252,111,22.35374031,62.59324006
Kurkijoki,190,53773,561.859,0,1.71,4.28,38.02,31.18,18.26,10.31,74.452,1262.64,14.4,15.481,18.98,11311,125.5,10032,103,52.15146299,56,29.87340449,61.370404
Kuru,191,75907,632.056,12.89,56.61,10.9,1.6,2.15,10.78,17.63,78.436,1165.42,3.2,6.298,21.5,162,182.7,4900,130,167.029614,174,23.55141752,61.9782834
Kustavi,192,15565,565.007,0.88,0.9,0,24.47,1.1,0.41,73.12,66.041,1348.67,8.3,21.967,10.19,175,100.14,1845,32,11.89605735,11,21.34116293,60.56360385
Kuusamo,193,905815,521.937,11.78,60.64,6.54,0,5.98,11.29,8.03,77.386,760.66,0.2,0.173,8.54,369,106.47,12036,405,274.2628808,270,29.47597936,66.00528569
Kuusjoki,194,12592,627.217,0.02,3.09,21.11,67.79,1.59,1.1,26.44,54.675,1244.15,35,37.816,17.4,68,145.38,2482,52,88.5037594,87,23.21172762,60.54182742
Kuusjärvi,195,31785,603.599,20.82,44.13,11.79,4.2,19.77,10.22,2.12,80.664,1150.15,5.7,7.051,18.43,229,171.5,9010,106,107.2051527,107,28.92305404,62.70819898
Kylmäkoski,196,9600,564.049,7.55,36.3,16.9,40.15,8.73,5.62,2.64,75.284,1200.18,30.5,34.784,19.8,75,164.49,2443,57,102,100,23.65536807,61.14725759
Kymi,197,23584,600.266,0.07,26.67,7.36,20.04,11.78,8.44,26.15,64.679,1292.63,13.2,14.16,36.44,113,225.59,21671,71,22.29166667,21,26.88298166,60.57150934
Kyyjärvi,198,126901,555.023,4.88,48.72,12.99,9.12,4.28,33.16,0.35,85.271,1010.98,4.7,4.055,10.82,41,75.71,2222,84,190.9882353,191,24.55751205,63.05678129
Käkisalmi,199,17861,530.352,14.4,47.07,2.41,2.32,24.84,3.08,2.47,66.008,1255.07,11.6,12.17,44.82,134,315.67,10658,61,17.25454545,12,30.10168167,60.98873365
Kälviä,200,67450,518.39,3.4,54.9,16.72,5.78,3.79,31.72,0.58,68.854,1040.58,3.8,6.679,15.54,135,134.76,3611,159,79.00055249,73,23.77482871,63.74771628
Kärkölä,201,25045,636.775,1.47,24.18,17.71,42.1,12.99,12.19,7.32,65.059,1216.96,16.7,24.977,26.85,120,143.86,4520,72,103.3538961,100,25.26383179,60.85889112
Kärsämäki,202,68754,502.997,0.36,45.16,13.99,15.76,1.09,36.82,1,68.439,989.61,2.4,3.733,8.77,186,91.38,4334,77,125.0519272,125,25.86092544,63.96062012
Köyliö,203,24560,591.353,7.28,25.28,15.18,16.62,27.26,15.93,8.05,65.132,1219,15.1,22.054,12.2,102,115.6,3632,81,70.37824675,73,22.38530249,61.12896295
Laihia,204,80134,562.997,1.41,56.09,16.08,17.97,1.92,19.58,3.03,65.016,1098.18,11,18.3,13.95,77,109.53,6563,147,55.0838964,48,21.99411778,62.8491896
Laitila,205,53165,621.376,2.93,25.18,17.92,14.63,3.38,23.77,31.08,64.99,1245.38,10.5,17.622,11.37,1535,95.5,8638,65,32.95399516,32,21.77854344,60.8884185
Lammi,206,51850,591.931,15.19,41.65,14.31,16.71,14.47,10.48,3.34,69.819,1199.35,13.5,12.854,20.38,127,228.27,6958,105,137.1827068,141,25.01949808,61.13937984
Lapinjärvi,207,33140,601.222,2.49,32.63,24.15,47.28,3.8,3.58,10.22,64.111,1254.58,23.1,24.193,19.38,85,148.21,4923,88,32.4779319,30,26.19126955,60.63874923
Lapinlahti,208,61228,546.42,19.13,60.54,12.15,8.94,3.61,7.57,0.99,79.039,1105.73,5.8,7.196,12.91,244,138.11,9582,140,128.4620011,132,27.45440313,63.34851174
Lappajärvi,209,45780,490.811,20.69,44.88,6,10.5,2.49,18.12,3.41,64.552,1101.97,14.6,14.196,9.18,74,100.97,5529,59,91.62749446,92,23.59604907,63.19017992
Lappee,210,59170,599.973,16.59,28.86,12.09,16.72,14.35,7.99,16.68,75.336,1274.18,10.1,11.593,39.07,136,277.76,30821,84,69.11804767,68,28.18623283,60.98576774
Lappi Tl,211,20221,590.579,5.98,20.8,25.26,16.91,1.22,14.44,41.67,64.997,1239.23,15,17.22,12.47,123,91.93,3432,51,44.2,43,21.85945378,61.07905835
Lapua,212,80160,505.017,2.07,40.66,14.35,27.28,2.55,18.94,8.58,64.917,1102.85,24.5,23.524,12.12,61,124.66,13655,107,73.51572327,75,23.15093155,62.94505183
Lapväärtti,213,38041,554.434,3.4,46.45,19.51,20.32,1.47,6.89,21.44,64.91,1136.33,12.3,12.833,10.61,113,81.15,4945,126,40.67894131,38,21.56635702,62.19513559
Laukaa,214,91714,550.242,22.68,50.31,6.52,7.78,9.23,1.07,5.82,84.878,1195.41,7.4,7.138,25.4,97,217.6,10744,166,116.2496285,111,25.99966146,62.39029858
Lavia,216,32469,590.719,14.32,43.99,16.03,18.23,0.45,12.2,12,64.727,1182.07,9.7,13.064,10.21,130,89.31,5084,85,81.50749712,81,22.49003633,61.60691797
Lehtimäki,217,30590,529.108,7.36,45.31,7.23,4.68,4.68,37.4,1.59,70.036,1066.74,3.9,5.596,9.72,126,66.64,2604,88,171.7545582,169,23.89494262,62.83612461
Leivonmäki,218,30768,550.231,8.85,64.62,12.34,0.94,8.16,17.63,1.67,85.131,1198.38,4.4,4.437,10.25,171,87.09,2075,112,133.7519126,131,26.13871428,61.9347803
Lemi,219,20810,576.295,24.46,38.97,9,12.35,12.6,5.17,7.84,75.088,1291.58,14.3,11.557,13.61,140,75.91,4354,50,85.25080386,87,27.7922373,61.07461564
Lempäälä,222,25700,557.126,16.97,41.76,12.39,21.77,1.55,7.79,11.05,72.339,1204.2,18.6,32.145,26.14,97,198.47,5177,91,111.3655914,112,23.77873265,61.34612936
Lemu,223,3600,620.189,0,0.67,6.86,60.55,0,0,38.78,64.998,1327.9,35.3,35.528,18.47,97,55.37,851,33,20.52631579,21,21.96084808,60.57226909
Leppävirta,224,111932,591.478,34.52,58.38,7.48,0.59,1.55,0.75,6.04,82.509,1199.68,7.7,7.478,30.53,161,241.54,12302,139,101.3306533,99,27.92267618,62.51056755
Lestijärvi,225,66048,549.439,12.75,47.92,10.25,2.89,5.84,30.26,0.91,86.1,1007.43,1.4,3.121,15.83,119,96.97,1470,70,160.7404762,161,24.66475289,63.49817488
Lieto,226,21471,630.765,0.28,0.68,19.79,55.87,4.52,1.24,37.42,64.608,1272.7,31.8,36.644,27.72,721,205.72,4190,73,46.04661017,47,22.50331655,60.53445104
Liljendal,228,10944,603.984,7.32,41.47,22.53,35.98,5.21,0.93,9.07,63.346,1250.3,25.6,24.162,21.4,87,140.7,1809,64,30.55686275,30,26.05987828,60.58035153
Liminka,229,60150,502.861,0.64,33.01,12.45,30.88,9.06,26.75,0,65.011,1045.84,7.7,7.766,14.36,102,162.97,3788,66,31.62329486,37,25.41608788,64.75515564
Liperi,230,75372,555.501,40.98,31.09,6.04,9.64,14.15,1.58,4.01,74.689,1169.72,7.6,6.577,12.34,162,123.98,10842,116,87.08934817,84,29.3653877,62.5576953
Lohja,231,25892,727.841,33.47,12.06,8.75,27.4,8.81,1.27,20.2,63.12,1307.02,25,27.341,47.9,98,366.47,13125,79,56.06982544,56,24.02061228,60.26472622
Lohtaja,232,42635,506.381,0.34,27.67,18.73,12.42,43.13,13.99,2.79,64.998,1048.96,6.2,7.503,11.35,123,79.46,3118,93,38.48335388,40,23.56536019,63.96030129
Loimaa,233,51445,612.715,0.16,16.66,24.45,75.02,2.41,3.95,1.96,54.597,1193.04,39.4,34.79,28.94,46,192.73,10754,61,88.1836969,86,22.99403231,60.87691665
Lokalahti,234,8784,604.71,5.26,2.16,6.37,27.33,4.93,0.92,61.26,65.054,1276.84,18.7,25.716,11.3,133,95.32,1667,28,13.79435484,13,21.4683776,60.68164141
Loppi,235,58668,627.504,11.25,41.41,18.22,10.42,23.47,13.02,2.79,71.395,1238.68,11.3,12.883,21.29,126,145.36,7811,107,125.6529563,125,24.33756892,60.69166788
Luhanka,236,21460,547.588,37.27,29.78,2.28,0.24,1.6,0.5,30.84,85.019,1203.86,4.8,7.444,16.49,256,147.3,2251,133,107.4828042,104,25.69204656,61.78224513
Lumijoki,237,30842,499.085,0,12.76,8.72,14.39,58.89,13.95,0,64.969,1049.76,4,7.71,11.91,213,115.55,1854,56,19.85867621,17,25.12081827,64.83218411
Lumivaara,238,77680,555.309,0,15.77,7.09,8.37,55.88,4.53,14.42,81.09,1259.26,11.3,13.347,12.04,422,87.48,5239,98,48.64006024,55,30.06260975,61.42467673
Luopioinen,239,29210,546.549,25.12,42.71,5.94,7.84,5.14,6.27,14.05,74.15,1208.8,13.1,12.536,17.59,134,171.02,5325,94,116.2613909,115,24.73236084,61.37070462
Luumäki,240,72056,585.02,17.86,41.01,17.89,6.27,12.45,14.75,9.61,76.859,1272.68,6.1,8.161,12.73,166,100.41,6214,79,79.85651751,78,27.52352898,60.94020924
Luvia,241,15314,528.192,2.56,65.93,18.14,15.79,8.65,4.84,2.66,65.004,1182.54,13.7,19.452,23.76,127,96.99,2778,59,28.3359375,25,21.63888206,61.36038356
Längelmäki,242,32994,566.353,23.34,28.56,11.6,16.67,1.69,2.43,29.94,75.569,1206.25,9.9,13.142,16.83,141,102.29,4175,122,131.9421721,130,24.68765923,61.70003197
Maaninka,243,42412,541.609,25.89,57.93,8.87,10.38,3.03,3.77,0.65,76.432,1108.13,11.8,10.71,14.01,162,185.32,5678,121,100.6635071,89,27.22104932,63.15015722
Maaria,244,9990,627.616,0,3.42,23.83,54.47,13.2,1.82,27.09,64.983,1299.95,33.7,37.733,45.6,635,375.77,962,47,29.95833333,32,22.31478695,60.50806622
Marttila,246,27664,628.217,0,16.39,20.83,51.9,5.3,7.35,19.05,54.555,1237.26,25,36.814,18.55,53,135.38,2801,68,75.29957806,74,22.93947156,60.60264657
Masku,247,8383,622.602,0,3.16,25.52,51.46,7.25,1.39,36.74,65,1316.74,32,36.96,18.71,83,94.89,1423,50,25.42788462,25,22.09262415,60.54809245
Mellilä,249,51445,620.549,0,17.63,15.67,62.3,4.79,11.98,3.3,54.831,1198.36,39.4,36.221,24.25,16,170.81,2241,42,87.09589041,86,22.99620789,60.75597706
Merijärvi,250,20730,500.719,0.46,51.56,16.9,6.02,0,20.45,21.97,65.006,1043.31,2.8,5.506,10.81,311,108.65,2335,81,59.3216,56,24.50708841,64.30455421
Merikarvia,251,41754,552.003,1.63,68.69,19.64,7.94,1.14,15.76,5.76,64.993,1145.95,6,7.188,8.07,181,95.52,7064,70,33.07892204,33,21.59023162,61.90324198
Merimasku,252,4532,603.583,2.6,0,0,38.33,1.21,0,58.53,65.095,1350,20.1,37.788,12.59,1221,115.44,740,51,19.76146789,18,21.86408016,60.46271868
Messukylä,253,14082,598.466,22.71,20.62,15.81,29.87,4.76,3.71,18.77,74.395,1206.24,23.6,26.137,39.29,35,346.62,8009,87,110.6761566,111,23.83906437,61.48386662
Metsämaa,254,9158,604.862,0.01,30.66,16.37,41.75,5.28,13.56,8.75,54.902,1192.78,25.2,36.931,19.58,94,179.18,1690,60,107.1609195,107,23.18368373,60.94637791
Metsäpirtti,255,18722,626.477,0,28.5,12.83,6.43,58.63,4.33,0,75.259,1251.52,9.3,11.869,11.87,181,84.18,4822,65,26.34,24,30.55464991,60.54049649
Miehikkälä,256,39105,599.978,5.7,27.58,23.14,17.64,5.25,10.59,34.73,75.219,1264.49,7,11.85,16.03,136,117.82,5247,79,44.13294798,45,27.6599275,60.71064678
Mietoinen,257,13575,621.972,0,10.56,21.61,68.36,3.12,0,17.95,64.997,1306.27,23.1,27.113,23.05,89,115.24,1492,44,14.17692308,13,21.88690549,60.62390528
Mikkeli,259,100870,550.189,22.67,57.43,6.66,0.59,2.64,5.15,13.7,76.714,1201.36,8.1,7.669,30.67,178,216.55,24318,91,114.7737542,116,27.20420225,61.76381976
Mouhijärvi,261,26016,599.055,8.33,29.84,17.26,33.62,2.74,6.25,21,68.832,1199.01,16,19.82,15.23,92,116.15,3984,93,103.088968,105,22.96754264,61.51736682
Muhos,262,155400,533.424,3.57,33.36,13.77,0.5,15.5,46.03,1.28,65.715,1001.37,1.4,2.312,12.32,193,149.7,5768,156,87.32834101,88,26.32288547,64.81280431
Multia,263,77676,563.587,6.14,70.74,20.03,0.76,3.86,19.47,0.72,84.531,1073.63,2,3.426,14.99,216,155.36,3917,151,200.4625323,203,24.85914237,62.47696678
Muolaa,264,4551,617.211,12.96,36.38,7.8,2.04,40.23,10.38,0,72.88,1260.39,5.7,7.496,13.79,2581,108.84,11959,116,34.6044648,32,29.39855342,60.52764937
Muonio,265,179225,405.152,6.93,63.6,14.39,0,7.66,17.28,3.54,80.47,740.68,0.2,0.134,21.93,308,140.25,2147,400,273.4450928,264,23.78605534,67.83233978
Muurame,266,82690,562.106,33.78,37.52,4.89,3.8,10.19,0,15.73,84.998,1207.09,6.1,7.452,30.09,36,160.32,2566,145,117.011236,111,25.62943141,62.13940965
Muurla,267,7673,640.014,7.69,4.89,20.48,33.66,22.74,7.94,25.31,63.189,1283.01,25.9,35.284,16.18,1071,156.2,1638,87,53.18297872,54,23.30501183,60.33961873
Muuruvesi,268,25600,591.814,29.66,60.7,8.2,1.38,2.96,0.37,7.24,75.359,1179.95,10.2,10.926,11.09,171,146.25,4153,106,103.68,97,28.11974013,63.05090452
Mynämäki,269,32180,628.843,0.37,31.22,15.63,31.71,5.35,10.18,21.49,65.02,1256.94,17,19.384,14.17,108,130.15,4304,85,41.31911967,38,22.04992555,60.72366637
Myrskylä,270,20024,602.166,3.28,26.46,18.23,48.08,6.13,0,17.06,65.227,1243.89,18.1,26.293,21.93,87,171.94,2634,56,50.1838843,50,25.8357581,60.64362407
Mäntyharju,271,114215,550.929,24.73,51.06,8.16,0,2.44,1.78,21.91,85.916,1222.12,7.3,6.728,14.75,166,119.4,9096,99,100.615222,100,26.8852006,61.34795556
Mäntsälä,272,57325,632.26,3.03,36.69,19.62,33.04,6.3,11.13,10.2,64.714,1239.12,19.2,27.259,22.37,92,191.44,8180,92,78.43642857,79,25.27468811,60.66200897
Naantali,273,4961,613.419,0,0,0,34.96,2.03,0,63.01,65.028,1349.59,24.4,37.704,31.72,911,251.31,2422,43,17.87272727,18,22.02654221,60.45934318
Nakkila,275,17635,540.17,0,37.32,13.45,36.97,13.39,3.74,5.72,65,1196.31,27,35.027,25.1,103,84.25,5239,58,32.72335601,30,21.96151695,61.35883485
Nastola,277,34866,570.014,13.62,26.21,6.46,16.2,17.79,3.7,22.49,64.436,1219.61,16.6,17.005,17.53,110,145.83,4873,108,107.7945493,107,25.92201167,60.99691448
Nilsiä,279,138420,586.634,20.08,65.72,10.26,1.32,4.66,3.51,5.57,82.904,1123,4.2,7.053,9.57,113,146.27,8395,229,134.1989853,130,28.10315333,63.25033532
Nivala,280,52171,498.722,1.13,52.98,17.53,27.15,3.45,13.47,2.23,65.934,1018.03,14.8,14.467,7.77,108,95.46,11769,76,94.97124371,93,25.02813416,63.92600502
Nurmes,281,172000,595.263,18.28,58.81,9.44,2.16,5.45,5.48,11.77,82.776,998.53,2.2,2.664,16.19,199,196.76,12228,207,160.466979,162,29.28319798,63.61896875
Nurmo,282,26103,536.621,4.99,38.1,18.38,14.41,1.16,32.68,8.67,64.699,1096.9,17.2,26.695,9.86,69,100.52,4220,96,94.46371464,101,23.06236961,62.76554533
Pohjois-Pirkkala,283,21250,611.771,8.32,21.65,5.7,24.37,2.18,7.17,34.52,75.153,1202.67,18.3,21.111,63.44,51,418.14,11576,124,126.829932,130,23.45312099,61.50013041
Noormarkku,284,30026,563.114,6.44,52.51,22.96,9.07,3.09,18.99,11.47,64.835,1160.56,6.8,11.973,46.96,161,166.86,4025,85,57.1487779,54,22.05920852,61.62698434
Nousiainen,285,19572,628.841,0.07,18.01,19.71,41.1,7.09,9.66,24.07,65.06,1266.14,25,27.88,16.45,93,117.43,2824,80,48.57021277,50,22.17574933,60.65222235
Nuijamaa,287,35600,606.36,4.84,36.94,12.69,21.24,17.69,8.35,11.43,73.137,1251.47,6.8,9.874,16.28,173,146,1891,75,49.57598978,49,28.54696266,60.94197123
Nummi,288,20218,670.03,8.93,15.65,31.88,35.17,7.73,4.34,30.35,64.903,1301.54,24.5,24.107,22.03,96,186.87,3670,119,73.59908884,71,23.90408956,60.40604889
Nurmijärvi,289,58144,697.966,1.69,14.12,26.47,52.57,12.91,3.92,15.09,59.542,1270.71,18.4,24.874,42.81,57,275.08,8096,96,76.8137369,75,24.75325827,60.46260523
Oravainen,290,22227,560.03,2.74,57.53,16.55,25.28,5.85,2.99,5.59,65,1095.93,23.4,25.593,22.46,71,110.4,3581,70,40.8558952,42,22.46926723,63.2630462
Orimattila,291,60415,608.977,1.38,20.81,19.52,44.9,7.5,2.57,23.15,65.144,1228.63,17.7,26.042,26.19,80,173.45,11172,91,83.89724647,85,25.73428748,60.81599652
Oripää,292,10612,617.819,0.27,2.58,15.79,49.04,19.28,16.23,12.86,57.271,1210.93,24.8,24.434,15.53,79,90.12,1978,56,79.39215686,77,22.68875184,60.86939433
Orivesi,293,62735,612.025,18.2,22.55,12.81,18.09,7.7,5.76,29.28,78.278,1199.13,10.2,14.606,27.33,75,168,7472,128,141.3371378,145,24.31561845,61.69714108
Oulainen,294,57928,501.819,0.47,54.67,16.5,9.82,0.51,14.99,19.61,65.013,1030.3,3.4,6.958,10.04,253,111.22,7387,93,89.96713021,87,24.87845052,64.25467625
Oulujoki,295,24436,505.592,1.53,50.86,17.9,6.47,20.58,17.23,0,65.023,1041.06,6.1,9.821,19.72,192,214.33,5169,89,43.10463734,40,25.73109455,64.98086126
Oulunsalo,296,7852,500.78,1.17,4.68,0,11.13,84.19,0,0,64.983,1050,9,11.265,23.49,195,200.89,1958,28,8.689320388,9,25.33080779,64.94810282
Oulu,297,24436,501.658,0,28.99,5.86,0,57.32,0,0,65.005,1049.04,6.1,7.834,48.72,21,431.11,28359,26,15.33333333,16,25.48014997,65.01097976
Paattinen,298,6239,631.013,0,12.07,27.38,58.19,0.98,1.59,27.18,65.255,1257.03,23.5,34.395,12.88,75,111.85,1070,49,57.24657534,59,22.40322506,60.62475896
Paavola,299,54090,502.625,0.22,39.18,19.34,14.99,11.65,33.96,0,65.004,1037.82,3.4,6.662,9.74,259,126.48,5613,66,67.04397163,66,25.22218046,64.57280955
Padasjoki,300,48450,550.067,34,42.94,8.64,4.8,7.49,6.61,5.69,82.798,1197.52,7.7,8.597,17.27,159,139.32,5208,130,116.8459352,123,25.19764874,61.36907921
Paimio,301,22852,632.603,0,10.35,17.08,48.6,3.26,3.31,34.48,62.811,1283.89,31.2,37.569,21.9,691,173.85,5464,85,46.35842294,50,22.72924552,60.45218043
Paltamo,303,104193,592.792,24.33,49.18,8.48,2.29,7.31,14.45,2.26,82.392,1014.04,1.4,1.856,17.36,228,153.96,7413,171,159.7394039,157,27.72603792,64.41249817
Parikkala,304,80215,579.975,21.91,23.51,5.12,7.74,25.48,11.14,9.7,65.774,1230.36,14.5,12.516,17.8,754,123.34,8536,91,75.0997191,73,29.52353483,61.54216973
Parkano,305,111384,592.44,7.29,50.63,15.78,9.19,4.56,25.25,4.61,73.931,1110.9,4.1,9.677,8.9,105,102.26,7680,109,151.9823752,153,22.97278411,62.08396028
Pattijoki,306,33229,498.987,0.29,52.16,18.35,6.26,27.84,11.1,2.63,64.996,1047.35,4.2,4.405,11.43,101,108.56,2101,121,63.76846058,57,24.69891177,64.60921835
Pelkosenniemi,307,1995075,459.863,0.72,47,9.17,0,14.42,27.98,7.41,85.102,764.09,0.1,0.289,33.59,79,295.59,2096,311,203.1265461,187,27.44801804,67.15381937
Perho,309,72422,546.997,4.17,55.61,16.29,2.51,1.8,34.11,3.09,84.204,989.48,3.7,5.416,7.47,80,61.24,3183,87,179.6955645,181,24.46107475,63.25704138
Pertunmaa,310,114215,545.441,21.58,67.31,7.28,0,2.43,1.71,7.67,85.61,1208.65,7.3,7.374,13.01,66,117.55,4286,97,120.3558719,121,26.43109362,61.47881816
Perniö,311,38045,653.274,3.37,25.6,20.17,28.11,11.39,8.69,24.92,65.23,1279.42,29,25.48,22.53,82,170.5,7551,92,43.89237668,45,23.12349919,60.21176911
Peräseinäjoki,312,36365,552.634,3.75,41.41,21.03,17.48,1.83,32.87,3.16,67.38,1089.82,20.5,23.035,7.85,54,82.05,5577,67,124.2333333,124,23.14205996,62.51087184
Pertteli,313,14698,630.49,1.82,12.38,27.57,60.69,4.69,2.17,18.65,55.414,1266.52,36.5,36.463,17.59,72,112.28,3162,102,70.55980861,71,23.33434628,60.46257136
Petäjävesi,315,44459,575.691,10.42,74.95,18.54,2.32,5.09,8.19,0.38,85.053,1140.72,6.6,7.096,14.86,137,157.97,4515,153,161.8361858,159,25.21886374,62.29068057
Pielisjärvi,316,332884,596.09,18.24,54.75,13.87,1.66,7.92,8.55,8.88,85.614,1009.49,1.1,1.797,24.02,288,189.61,17685,244,152.6597202,151,30.18683219,63.33527102
Pieksämäki,317,121073,553.462,14.3,71.49,11.94,0,4.44,10.29,0.36,76.762,1199.92,6.3,8.148,20.53,109,197.48,11939,132,132.4232902,129,27.03228418,62.31264491
Pielavesi,318,116296,552.83,23.39,61.23,10.73,1.31,2.17,11.69,1.58,83.211,1100.65,3.7,4.942,12.12,242,133.13,10988,160,127.5529737,126,26.68232439,63.28705246
Pihlajavesi,319,40472,580.902,12.07,68.4,10.06,0.34,3.8,13.84,3.56,78.026,1111.85,2.6,2.769,17.81,170,129.72,1997,93,168.9014693,169,24.26120734,62.34872925
Pihtipudas,320,103771,546.712,16.84,65.51,10.8,2.25,1.57,14.48,0.48,78.974,1083.64,2,3.606,11.72,232,169.42,5859,134,150.7959184,149,25.58421431,63.41006738
Piikkiö,321,9020,629.656,0,0,16.1,50.86,1.72,0,47.42,65.074,1306.84,38.4,37.569,25.07,751,168.94,2513,73,31.60913706,31,22.53038143,60.43091327
Piippola,322,45590,524.855,2.31,41.92,17.46,7.7,6.17,41.33,0.94,64.954,991.05,2.8,4.341,8.41,143,99.46,1899,80,123.789823,122,26.03609863,64.16104934
Pirkkala,323,21250,595.028,20.87,37.1,12.98,27.43,0,1.78,13.9,75.016,1204.77,18.3,19.504,31.91,40,220.68,2707,89,103.5434783,103,23.61440368,61.43875742
Polvijärvi,325,78035,584.915,20.02,49.24,10.57,8.1,6.73,9.29,7.15,77.505,1105.44,2.8,3.84,11.12,362,110.81,8654,167,105.9771023,98,29.36519972,62.88841631
Pomarkku,326,28611,572.039,13.76,40.37,14.19,12.69,0,22.55,11.05,64.854,1152.42,6.6,6.985,12.01,193,76.38,4406,71,52.94452347,55,22.02437885,61.70309727
Pori,327,21575,530.715,0.31,34.9,5.61,21.43,35.03,1.65,3.1,65.006,1153.36,21.2,31.587,53.42,109,452.47,40880,54,17.19127517,14,21.69412756,61.50757513
Pornainen,328,14755,610.979,2.71,23.86,20.17,38.11,4.38,5.59,25.43,57.189,1252.61,27.4,25.902,27.82,73,146.29,2088,60,58.57954545,60,25.35508515,60.48372846
Porvoo,330,63515,605.618,1.59,32.76,14.82,30.26,6.98,3.51,25.33,54.6,1281.9,23.2,22.984,104.77,83,295.84,22780,61,27.32667126,29,25.67277104,60.3717062
Posio,331,905815,541.45,15.95,57.6,7.1,0,7.73,14.56,4.82,81.199,804.18,0.2,0.561,7.51,340,99.48,5122,298,266.9259514,260,28.04920644,66.15159738
Pudasjärvi,332,814220,539.725,3.55,52.41,14.04,0,10,27.63,6.2,72.226,940.01,0.3,1.482,10.14,254,111.09,11913,289,151.6356557,138,27.11391951,65.4476542
Pukkila,333,14627,598.725,0.77,32.54,14.51,49.21,5.57,2.62,10.07,65.211,1239.76,26.6,33.906,20.48,91,136.42,2169,65,58.44897959,58,25.57752586,60.6538793
Pulkkila,334,33650,517.017,8.32,36.42,11.83,12.04,10.54,32.1,0.58,65.074,1002.11,5.5,6.341,7.25,153,92.39,2400,70,99.33617021,99,25.81470227,64.28362887
Punkaharju,335,94698,550.621,51.61,23.13,3.91,0,19.67,4.95,1.03,75.311,1200.62,7.2,7.811,18.65,49,124.25,3857,68,77.93359762,70,29.44406396,61.78893893
Punkalaidun,336,34066,595.525,1.05,36.5,19.19,39.57,4.12,11.33,7.62,59.228,1198.32,23.4,26.16,14.96,86,141.07,7084,59,100.8025404,100,23.13111313,61.11633062
Puolanka,337,246247,573.009,4.86,59.91,11.34,0,6.37,24.19,5.17,84.792,924.42,0.3,1.822,7.81,418,75.49,6292,243,204.1724568,198,27.77900123,64.87820797
Purmo,338,21282,537.294,2.72,62.74,23.66,9.16,2.73,20.12,3.57,65.036,1075.45,18.4,16.635,13.66,85,98.87,2516,56,48.36422414,50,23.0543589,63.4478428
Pusula,339,27339,651.705,10.04,34.97,24.07,22.74,16.44,3.7,13.82,65.011,1273.43,14.5,21.228,18.88,119,136.71,3526,124,101.3710106,105,24.00249084,60.51085226
Puumala,340,77464,556.878,46.41,16.17,4.21,0,3.89,0.24,34.94,79.026,1248.29,3.1,4.701,15.61,236,155.44,6339,106,88.68926554,88,28.18832214,61.51090083
Pyhäjoki,341,51085,500.266,0.67,63.07,16.74,2.6,7.24,11.88,15.22,65.008,1047.58,1.9,4.562,7.73,426,65.3,4609,127,49.8610729,37,24.41531123,64.41892735
Pyhämaa,342,6060,558.515,1.75,38.15,0,18.27,0,0,43.58,65.18,1250.02,8.8,34.385,7.08,190,63.24,1259,20,9.789915966,10,21.31233506,60.93798269
Pyhäjärvi Ol.,343,134100,514.615,12.19,53,6.48,1.64,2.88,28.84,1.83,74.944,1016.52,2.4,2.782,18.22,188,147.22,8071,133,162.2247161,160,25.9206976,63.66018437
Pyhäranta,344,13080,580.318,6.52,50.8,14.82,5.35,4.79,14.05,19.8,65.027,1249.62,12.1,20.635,9.35,154,66.78,2400,42,21.37183099,21,21.48052161,60.98674593
Pyhäselkä,345,44289,547.845,29.89,32.77,10.82,5.21,17.01,12.38,2.76,74.628,1121.29,7.7,4.144,9.42,80,101.69,4710,119,91.20610687,92,29.91771767,62.47432288
Pyhtää,346,27860,600.245,4.68,39.05,9.47,19.48,9.45,12.51,13.62,62.479,1298.73,10.7,14.582,24.78,123,195.31,5147,40,12.73306773,13,26.6359572,60.51873734
Pyhäjärvi Ul.,347,23717,664.224,5.06,38.03,20.97,19.55,20.78,7.65,10.18,65.908,1265.31,11.7,14.858,19.93,144,154.51,2681,139,112.2398649,118,24.23970352,60.55672912
Pyhäjärvi Vpl.,348,52160,546.575,12.39,17.57,1.7,9.64,54.29,3.81,0,66.857,1251.71,11,10.288,10.78,112,93.06,8128,82,29.54604106,31,30.2285577,60.80763013
Pyhäntä,349,76520,552.699,3.97,35.2,11.08,2.82,8.46,48.63,1.02,65.865,992.93,0.9,2.604,8.91,301,103.55,1991,111,150.5002239,145,26.47765729,64.07080061
Pylkönmäki,350,126901,547.212,8.91,67.48,12.72,1.34,2.12,22.16,0.08,85.314,1058.84,4.7,4.33,8.27,35,77.77,2170,129,201.9670862,206,24.76970142,62.67030085
Pälkjärvi,351,26310,597.215,16.76,35.7,5.64,0.16,11.89,41.21,0,74.542,1052.94,6.7,7.214,12.61,80,137.36,2054,139,105.7988904,107,30.67751556,62.07556718
Pälkäne,352,23742,533.899,36.22,21.17,6.8,16.37,9.28,4.08,14.88,67.496,1203.59,20.7,24.674,21.83,104,183.66,4168,106,110.4290466,108,24.33095953,61.33583836
Pöytyä,353,33574,626.547,0,9.67,17.12,49.67,0.65,12.15,27.86,56.949,1223.81,22.9,25.202,18.33,67,111.94,4240,75,72.68187919,73,22.66473233,60.73923885
Raahe,354,13720,497.73,0,75,3.92,6.24,18.76,0,0,65.011,1050.07,5,7.149,28.47,197,252.62,3644,38,17.40740741,15,24.51687977,64.66968916
Raisio,356,6498,620.782,0,0,8.22,51.48,1.69,0.17,46.66,65.01,1340.37,35.6,37.593,18.78,9211,125.83,2936,55,17.75714286,15,22.1722802,60.45901168
Rantasalmi,357,70825,570.224,51.33,38.02,5.23,0.58,1.74,3.68,5.42,78.953,1202.4,7.9,7.098,15.55,170,137.78,8302,102,88.07084149,88,28.30766366,62.06959522
Rantsila,358,63359,514.885,2.51,34.09,19.12,11.81,1.78,49.67,0.48,65.009,1020.35,3,5.527,9.08,199,92.08,3298,117,80.78944672,81,25.7190484,64.44826642
Ranua,359,814220,559.897,6.98,56.94,13.31,0,3.56,26.09,7.15,75.759,902.82,0.3,1.815,14.33,113,130.31,4588,183,172.2063386,169,26.61661837,65.98092354
Rautjärvi,360,40270,596.519,10.57,34.23,11.27,10.17,23.63,7.07,14.52,68.028,1243.07,8.4,8.202,10.9,163,65.77,3267,110,88.12195122,90,29.23781452,61.32173479
Rautalampi,361,116231,535.344,38.37,40.7,3.44,1.9,3.66,4.33,12.39,84.423,1194.91,6.4,7.547,17.04,76,182.74,6123,96,110.5252938,107,26.70631868,62.64751258
Rauma,362,22621,553.506,2.61,31.21,14.17,17.82,0.76,5.63,44.13,65.016,1249.83,11.9,13.979,31.64,137,251.4,17081,45,23.67219153,25,21.53942401,61.10194539
rautio,363,17477,504.017,0,65.81,16.92,4.06,8.96,20.98,0.19,64.885,1043.55,6.4,8.595,6.41,125,67.04,1687,,,,24.17872955,64.06311739
Rautu,364,33660,651.027,0,17.98,3.39,0,79.17,1.52,0,75.131,1256.85,13.7,8.602,11.63,106,108.35,5909,167,80.56504065,70,30.29061495,60.50907484
Rautavaara,365,109282,602.346,7.1,69.3,14.49,0.04,5.81,14.33,4.26,84.555,1010.87,0.8,2.844,11.4,327,157.38,4652,203,181.2053622,178,28.42529522,63.54142568
Reisjärvi,366,72207,546.26,6.13,63.61,17.5,11.32,3.52,15.37,0.53,80.122,1003.62,5.4,6.764,11.08,58,110.87,4250,74,139.8198758,137,24.98038944,63.62173447
Renko,367,20095,578.416,3.38,36.78,27.97,28.87,17.11,12.64,1.94,81.104,1217.04,11.9,12.75,19.41,134,153.96,2852,74,116.707113,116,24.30591463,60.84059051
Revonlahti,368,22900,499.246,0,31.29,13.71,6.31,37.47,24.94,0,65.003,1047.64,4.2,6.507,10.11,134,71.2,1210,77,57.54117647,55,24.96428985,64.6886557
Riistavesi,369,121685,597.314,35.9,44.96,1.75,6.31,7.93,0,7.62,74.718,1195.35,7.1,8.256,12.67,24,151.51,2660,102,97.59446254,92,28.07393744,62.93461521
Ristijärvi,370,44577,595.96,9.24,64.24,15.52,0,5.63,17.84,3.94,82.176,968.32,4.2,1.976,10.1,187,109.79,3447,210,192.0049464,189,28.43088612,64.48561446
Ristiina,371,54440,549.721,30.62,44.33,6.72,0.79,1.97,1.15,23.08,77.549,1211.56,9.2,6.926,15.77,144,99.03,5902,77,86.48946785,85,27.35252444,61.47978709
Rovaniemi,373,825181,486.168,5.09,60.22,9.83,0,5.08,20.14,7.45,83.835,862.48,0.1,0.87,22.68,829,206.68,24968,313,168.57307,168,25.83731149,66.63827039
Ruokolahti,374,100635,581.463,27.43,30.34,8.38,4.81,13.42,5.33,19.26,78.844,1248.56,5,5.966,34.37,169,145.89,27025,120,94.86819653,97,28.76046603,61.35282558
Ruotsinpyhtää,375,27792,600.529,5.98,49.64,8.66,20.72,3.02,9.75,12.33,59.17,1292.29,10.7,17.923,15.54,119,154.4,3778,63,13.46793761,11,26.40154971,60.51169507
Ruovesi,376,103440,600.312,25.45,38.61,7.2,7.3,6.85,2.84,20.86,82.56,1201.1,8.4,6.849,16.08,88,166.78,8382,119,136.6254967,138,24.07017501,62.01667556
Ruskeala,377,40584,602.946,21.56,39.21,5.38,9.99,9.58,22.47,1.83,72.846,1110.97,6.1,7.686,17.31,174,129.16,6938,120,78.7236534,81,30.59954501,61.91983015
Rusko,378,4715,627.263,0,4.81,18,59.59,4.51,0.36,30.73,64.979,1295.09,29,37.466,26.99,77,134.64,820,44,33.48148148,35,22.23609976,60.54371911
Rymättylä,379,14176,594.721,1.45,0,0,26.88,0,0,73.12,65.479,1350,14.2,35.371,18.04,1271,131.08,2327,49,12.24206349,11,21.9000435,60.36065279
Räisälä,380,36330,569.446,15.88,36.61,4.39,21.3,25.16,1.95,1.19,64.281,1256.29,14.9,15.676,11.34,126,93.95,7874,65,19.04122012,18,29.78377469,60.9026591
Rääkkylä,381,44289,543.579,45.35,33.95,4.24,4.08,4.76,10.16,2.27,78.574,1200.24,7.7,6.465,10.89,201,106.88,6397,65,77.18050721,78,29.64834532,62.27821007
Saarijärvi,383,133208,535.215,17.6,63.01,11.85,8,4.79,5.92,1.29,85.049,1115.45,6.3,9.073,11.76,88,118,9511,153,160.8034456,160,25.27797416,62.71544793
Saari,384,80215,562.522,11.4,38.94,11.73,7.62,26.76,3.85,11.11,64.866,1231.72,14.5,11.904,10.52,358,63.11,3509,87,83.06654344,83,29.72258245,61.66413407
Sahalahti,385,11405,539.164,23.66,17.95,11.34,22.44,5.5,3.5,27.25,74.761,1207.41,16,22.733,17.02,129,169.73,1677,95,121.3258706,119,24.40714012,61.47202184
Sakkola,386,39855,630.986,13.74,16.5,4.26,5.66,63.13,0.73,0,70.762,1254.08,12.2,12.383,18.68,118,125.54,6395,96,32.92470838,35,30.18331517,60.65607116
Kuolajärvi,387,1185397,456.174,1.15,63.24,12.35,0,9.37,19.18,6.08,81.748,693.19,0.1,0.394,14.53,807,183.29,5270,561,285.2762052,283,29.40968754,66.98905478
Salmi,388,144006,601.658,0.22,55.49,10.01,2.22,35.81,2.3,1.79,85.464,1120.48,2.3,2.212,17.92,230,132.03,14167,130,55.55285472,58,31.89146757,61.52186551
Saloinen,389,13720,499.412,0,63.78,16.45,2.91,24.37,7.94,1,65.011,1049.15,5,4.044,23.45,70,176.05,2549,117,49.114082,41,24.51677695,64.55558619
Sammatti,390,6145,683.817,18.76,9.7,16.73,21.01,14.52,7.25,30.69,65.163,1307.39,19.6,24.237,19.37,117,105.9,1094,69,75.65730337,75,23.81190991,60.33865738
Sauvo,391,17573,631.744,0.46,1.99,22.32,46.3,5.56,0.38,45.77,65.152,1344.64,35.8,35.237,28.73,721,237.85,2640,62,26.11611374,23,22.72259531,60.31674409
Savukoski,392,1185397,444.387,0.49,59.52,10,0,11.03,17.95,10.99,78.831,667.26,0.1,0.077,34.45,333,621.71,1410,393,266.7086251,264,28.53939618,67.6332556
Savonranta,393,22582,551.106,37.3,49.38,7.19,0.34,1.69,0.88,11.58,84.148,1197.55,4.4,4.725,38.32,235,427.42,3343,118,96.63075833,98,29.17608405,62.23868561
Savitaipale,394,53075,558.794,28.87,42.15,8.08,1.94,13.81,5.1,9.88,78.425,1275.54,6.5,6.869,10.78,184,92.28,7523,58,91.07886815,92,27.55914974,61.18467691
Seinäjoki,395,12422,543.215,4.53,36.68,15.27,28.14,0,16.39,14.25,64.925,1106.59,25.5,33.255,35.67,69,198.04,9307,75,68.44611529,68,22.83339026,62.77660183
Sievi,398,75280,513.033,1.57,57.22,17.84,9.53,4.29,27.24,1.13,70.269,1022.08,4.4,8.923,10.03,121,103.42,6088,90,113.6000942,113,24.59620575,63.84053525
Siikainen,399,42404,581.982,8.81,45.51,13.98,8.13,1.58,17.09,19.66,64.869,1139.14,5.2,7.26,8.8,175,115.92,4750,72,56.372835,56,21.88136269,61.86645556
Siikajoki,400,25364,496.959,0.31,13.29,9.31,3.73,71.82,11.16,0,64.947,1049.97,2.9,4.767,10.26,261,78.56,1736,66,24.4388587,22,24.80332,64.79220665
Siilinjärvi,401,121685,562.344,24.31,57.22,6.18,7.18,7.62,1.47,2.75,77.959,1183.85,7.1,8.155,15.47,39,171.43,5562,133,101.183,93,27.69136467,63.10262578
Simo,402,225165,527.286,0.7,39.92,13.82,0,7.69,37.48,14.41,80.443,945.99,0.3,2.197,20.32,296,123.23,3291,172,86.8754845,95,25.36960637,65.84805647
Simpele,403,80215,593.939,6.29,35.89,13.91,9.7,11.6,8.61,27.92,67.437,1236.24,14.5,11.865,30.72,189,142.25,2311,124,77.03089888,72,29.38322956,61.42866155
Sippola,404,46000,592.413,2.89,34.72,19.86,24.19,7.88,15.08,14.61,69.571,1270.9,15,13.559,30.43,90,156.83,12349,89,55.64315353,55,26.99779041,60.7877822
Soanlahti,406,43329,608.051,9.73,66.3,0,0,12.13,5.78,0.26,78.665,1053.38,2.7,4.297,13.58,187,121.32,3106,183,137.794996,154,31.03708427,62.11824454
Sodankylä,407,1995075,444.8,1.57,56.44,11.39,0,6.58,27.23,8.16,80.237,702.58,0.1,0.002,16.72,524,142.23,7005,517,261.1743399,260,26.84567889,67.75458604
Soini,408,56697,545.425,4.55,56.1,12.8,5.44,2.54,31.04,1.69,81.624,1035.5,3.1,4.963,8.73,152,83.41,3915,122,195.91445,198,24.22854103,62.83797714
Somero,410,48708,621.46,2.65,14.33,19.18,56.98,7.58,3.76,15.12,55.762,1217.89,30.5,32.243,21.82,72,174.47,9166,92,98.15785124,96,23.47637068,60.62450408
Somerniemi,411,15850,627.935,14.3,41.78,18.59,14.46,16.42,7.75,8.6,61.364,1242.93,15.8,15.88,17.54,99,122.97,2232,77,111.6401869,115,23.78747771,60.58362934
Sonkajärvi,412,298537,605.269,8.44,61.39,12.39,4.85,1.07,24.09,0.96,82.102,1027.86,2.6,3.371,13.92,92,109.9,9151,143,153.765509,155,27.65834377,63.74125677
Sortavala,413,80663,584.127,0,39.9,10.07,34.75,3.9,2.62,14.93,79.83,1187.79,13,11.625,29.47,95,211.87,26197,130,43.12425329,39,30.57216197,61.69322455
Sotkamo,414,262805,576.142,11.99,63.51,10.7,1.2,5.5,13.97,4.56,78.1,998.78,1.8,2.9,11.02,202,124.46,13535,228,192.5114406,189,28.44595951,64.04891097
Suistamo,416,150766,640.403,4.27,69.53,6.86,0.47,16.65,1.91,0.54,82.587,1067.63,1.8,2.899,17.88,171,138.45,8986,178,125.3521277,122,31.44097263,61.97073559
Sulkava,417,57828,593.764,30.93,40.98,6.62,0.33,5.76,0.42,22.64,85.404,1204.62,5.2,7.212,15.53,198,131.44,6944,93,96.88147357,98,28.41866262,61.74571316
Sumiainen,418,20334,508.363,34.89,53.34,2.4,1.94,3.25,1.63,5.3,85.009,1201.85,3.9,7.472,13.5,272,124.38,2217,115,119.2280431,120,26.02301933,62.6959253
Suodenniemi,419,19918,598.888,8.87,36.76,13.67,22.59,1.82,9.52,21.29,64.512,1193.69,10.9,16.538,12.67,118,95.33,2647,78,98.36734694,98,22.74283887,61.58918717
Suojärvi,420,343317,550.075,5.5,76.48,6.45,0,7.74,6.55,0.6,85.848,1016.78,0.4,1.345,39.15,289,234.5,15934,176,159.9617035,159,32.15476626,62.27830287
Suomusjärvi,421,15835,661.578,15.03,14.55,19.48,23.33,9.46,7.58,32.39,61.352,1298.27,14,20.665,14.35,130,95.29,1950,106,89.24465558,91,23.64578678,60.3668832
Suomenniemi,422,27900,551.867,28.27,36.01,5.16,0,2.67,1.9,32.25,81.046,1237.02,4.6,4.83,15.41,184,118.64,2034,72,88.94457275,89,27.36361218,61.33348386
Suoniemi,423,9057,601.366,24.11,16.66,4.66,26.87,0.11,0.61,32.15,75.567,1199.26,18.6,32.168,23.43,104,154.13,1875,98,90.0037037,92,23.25493428,61.45802223
Suonenjoki,424,66823,551.805,19.13,64.52,12.68,2.09,6.21,5.62,3.89,84.368,1193.65,4.6,7.948,20.65,195,206.59,8538,113,118.6194649,116,27.15278002,62.61983528
Suomussalmi,425,542457,589.276,11.49,52.55,9.9,0,6.33,24.64,5.59,82.346,869.68,0.3,1.687,13.25,252,122.14,10712,156,225.2820545,224,29.12521672,65.04613977
Sysmä,427,69059,540.282,36.05,35.9,5.1,5.74,4.64,0.9,16.89,85.434,1201.05,11.4,10.58,19.36,148,138.42,8771,117,102.8454064,99,25.7182492,61.49927292
Säkkijärvi,428,87300,598.866,0.14,36.42,7.17,27.01,24.09,9.13,2.23,72.418,1252.59,8.3,9.6,16.54,77,112.9,161,60,28.35234899,29,28.19671776,60.65976141
Säkylä,429,15676,609.505,39.89,20.99,7.54,12.06,15.67,7.2,4.19,64.906,1222.09,17.4,17.262,13.12,95,100.85,3193,97,64.21350078,57,22.39289523,61.00212598
Säräisniemi,430,162623,558.14,28.36,27.08,7.45,2.47,11.42,30.44,0.85,69.101,1022.11,0.7,2.976,12.02,234,117.79,4043,115,139.2290434,139,26.96771584,64.52333539
Särkisalo,431,8158,635.623,2.8,17.87,4,21.29,5.33,0,52.64,64.991,1338.11,19.9,29.433,28.47,99,166.83,1842,65,20.20886076,17,22.93799088,60.09014695
Säyneinen,432,86430,599.551,9.28,50.56,21.32,0.42,16.01,18.56,5.69,84.617,1033.59,3.3,2.368,8.06,43,112.84,2804,119,140.3027719,142,28.59988939,63.29739
Sääksmäki,433,24320,543.066,40.97,25.62,6.55,17.01,5.38,8.62,2.72,69.487,1200.02,26.8,35.841,22.52,28,150.51,3958,85,91.99295775,86,24.0809373,61.15641891
Sääminki,434,96351,587.319,46.24,29.12,4.31,0.1,7.66,0.91,17.14,78.315,1205.61,5,8.027,16.7,167,135.58,10728,99,90.22278481,91,28.88571673,61.78098955
Taivalkoski,435,320481,568.792,7.57,59.86,11.2,0,10.16,15.3,7.34,76.347,851.97,0.2,0.37,9.87,590,115.22,4471,231,245.779519,243,28.35453533,65.5604218
Taipalsaari,436,34066,549.693,66.36,12.24,0.05,2.48,12.15,3.35,3.42,74.613,1304.79,7.1,8.229,17.67,139,132.02,4035,54,75.93954169,68,28.11894581,61.2325081
Taivassalo,437,12854,599.365,0,0,0,33.84,2.12,0,64.04,65.108,1339.75,24,34.197,12.63,114,93.37,2738,31,14.41635688,15,21.58362969,60.56905068
Tammela,438,70212,603.298,12.87,37.56,16.39,12.88,16.17,18.12,3.85,63.28,1206.7,16.3,21.392,18.89,82,138.93,7074,94,129.5109114,130,23.82417351,60.77349278
Tarvasjoki,439,9215,630.861,0,11.27,21.69,64.13,1.95,1.24,21.42,56.835,1246.73,35.2,35.159,16.7,711,124.49,1946,50,60.61764706,59,22.73486501,60.58409423
Teerijärvi,440,20688,516.256,7.47,63.25,35.09,3.39,2.1,25.13,0,64.724,1063.57,8.9,12.878,14.12,161,67.36,3004,61,63.02851711,62,23.52699842,63.51090773
Teisko,441,37528,650.657,32.63,15.38,9.48,17.7,6.23,2.8,26.87,83.462,1201.98,11.3,16.294,17.27,109,149.84,4401,107,124.7813918,125,23.86350636,61.7064746
Temmes,442,12091,520.434,0.34,38.49,10.68,0.21,7.89,53.33,0,64.898,1025.12,6.4,7.168,8.11,152,101.48,960,92,86.45021645,86,25.93524664,64.54635113
Terijoki,444,73307,645.165,0.03,0,8.06,0,87.49,10.45,0,75.041,1278.93,7.7,12.143,30.13,30,180.58,7913,72,31.71197411,31,29.84415106,60.19590744
Tervo,445,116231,534.902,41.23,54.22,6.15,0.66,0.51,4.03,2.64,84.821,1118.79,6.4,7.855,14.79,79,186.38,3347,78,109.9992032,110,26.8160368,62.97146228
Tervola,446,178346,532.693,0.14,48.63,15.42,0,14.17,24.66,10.17,83.732,921.12,0.6,2.08,13.05,282,117.62,5243,211,82.82480114,75,25.08046221,66.11621074
Teuva,447,55853,550.948,0,50.88,16.39,21.13,1.85,23.73,2.42,64.878,1093.04,13.8,17.607,12.12,79,78.57,8019,154,94.26967096,90,21.80315805,62.50630307
Tohmajärvi,448,90382,565.322,8.29,23.62,13.1,1.24,38.16,23.67,5.35,77.165,1062.03,4.7,4.857,11.74,162,157.45,7583,119,107.400974,106,30.32268248,62.26053676
Toholampi,449,54455,522.774,0.82,54.82,19.29,14.68,0.69,28.9,0.55,73.928,1024.79,9,7.305,11.18,86,121.57,4567,90,121.542804,123,24.2954478,63.73463457
Toivakka,450,74442,551.638,11.93,65.38,12.43,7.1,5.29,2.28,9.61,84.765,1195.79,7.6,4.237,14.12,45,138.37,2932,140,138.7364532,132,26.12586661,62.12065124
Tottijärvi,452,5134,593.724,29.95,28.85,9.7,25.24,1.46,0.51,14.3,75.303,1201.63,28.6,25.518,10.73,75,99.12,1148,85,92.78275862,92,23.38972936,61.40133395
Tampere,453,14082,617.633,48.45,3.59,1.18,23.41,16.33,0.5,7.67,75.022,1205.92,23.6,18.827,74.64,16,648.48,79538,76,99.39552239,92,23.67281507,61.51066567
Turku,454,9990,623.684,0,3.51,24.44,53.66,10.06,0,32.76,65.003,1337.49,33.7,37.495,66.84,206,549.7,84365,41,25.95833333,24,22.27925997,60.44604601
Turtola,455,143059,449.085,7.37,64.41,11.11,0,5.86,12.58,9.01,85.074,882.64,0.3,1.779,14.08,470,116.5,4544,275,152.5172096,147,24.30055282,66.77644056
Tuulos,456,14962,566.005,11.04,42.72,12.88,13.25,18.09,11.18,4.5,65.588,1208.99,10.8,13.018,21.34,144,97.4,1993,101,127.6002639,129,24.77046976,61.12969276
Tuusniemi,457,61089,613.689,30.26,56.8,7.6,1.05,5.91,0.67,7.67,82.278,1183.97,3.7,7.06,10.19,369,139.21,6135,137,112.6236559,112,28.46969809,62.76403434
Tuupovaara,458,50100,580.758,11.47,66.61,16.4,0,11.42,8.83,2.86,86.044,1053.85,3.4,3.185,8.37,223,123.62,4573,155,153.0995822,153,30.68602418,62.49024929
Tuusula,459,28484,671.621,3.58,16.42,17.76,53.46,11.03,4.1,11.4,57.983,1262.5,20.4,32.977,150.99,89,271.07,11521,73,60.75239617,60,25.01364033,60.45735018
Tyrnävä,461,38937,512.729,0.65,28.32,17.01,8.13,38.23,24.53,0.14,64.948,1034.38,9.6,7.478,13.69,108,155.35,3679,112,49.23815704,44,25.81245642,64.71112572
Tyrväntö,462,8800,537.576,39.18,29.71,3.91,18.46,2.7,5.8,1.55,64.192,1203.98,30.7,33.273,23.8,81,164.41,3808,64,93.99658703,90,24.30939866,61.17407903
Tyrvää,463,42476,591.286,7.36,46.24,18.46,23.09,4.1,10.9,8.51,65.72,1202.32,17.5,20.15,19.01,103,131.45,9044,83,100.9066667,102,23.00433171,61.30990281
Töysä,467,29246,557.737,5.91,43.84,17.76,12.76,2.52,15.81,21.35,72.322,1072.18,15.8,10.249,9.76,59,77.09,3845,97,168.5753968,171,23.85809974,62.63618145
Ullava,468,9689,520.589,8.45,38.95,14.25,2,17.59,32.44,0.8,69.773,1034.47,7.6,7.406,9.27,161,99.63,1485,76,113.3966006,121,23.98250062,63.64319301
Ulvila,469,16652,536.875,0,32.24,8.59,24.68,30.18,0.09,9.51,64.99,1171.21,38.3,33.075,23.5,77,182.03,4611,52,23.40318907,20,21.88489257,61.447444
Urjala,470,53745,585.003,7.08,32.94,19.5,27.59,7.95,14.7,10.49,67.13,1199.58,23.8,27.113,17.51,62,161.68,7763,78,118.619615,117,23.45789671,61.08684532
Uskela,471,13646,634.245,0.26,13.07,21.48,41.43,6.83,3.59,35.08,62.027,1280.53,29.4,36.567,27.36,703,186.61,2021,88,52.47949527,57,23.1600632,60.37830907
Utajärvi,472,101660,521.97,1.42,34.73,14.97,3.24,17.11,42.11,0.83,64.895,1024.1,2.9,4.804,9.59,155,100.57,5635,124,122.2325436,122,26.81090651,64.85243207
Uukuniemi,474,51172,572.067,19.52,22.39,4.38,1.15,34.02,19.07,1.08,68.658,1240.44,5.4,8.711,9.14,191,93.89,1351,75,85.58224705,86,30.0797442,61.73728252
Uurainen,475,33940,552.533,8.77,71.91,13.43,3.38,7.07,11.23,0.46,85.076,1091.16,5.3,7.478,13.25,174,105.9,3174,143,180.6379853,178,25.40860732,62.47098456
Uusikirkko Vpl.,476,82000,633.443,2.94,14.59,6.14,0.65,69.44,7.72,0,75.042,1278.61,9.2,7.572,15.36,140,102.79,11110,113,51.99579537,52,29.24923746,60.28966815
Vahto,478,8193,630.793,0,12.87,31.16,39.14,11.73,12.11,24.15,65.149,1258.57,22,34.403,16.09,71,97.02,1045,54,60.09952607,61,22.3335732,60.64087107
Vahviala,479,87980,604.353,0.38,21.76,9.42,30.53,33.66,8.57,5.04,70.112,1248.26,18.4,15.638,24.22,22,154.14,66,65,35.69662921,37,28.47016786,60.77712918
Valkjärvi,480,45322,633.492,2.7,47.03,7.97,2.83,40.84,4.11,0,72.491,1259.1,8.5,8.719,10.62,119,66.4,7694,142,72.9960396,74,29.86016365,60.55762508
Valtimo,482,61500,591.981,7.21,66.78,20.63,4.36,4.33,8.1,10.84,78.463,994.63,3,6.079,12.05,174,151.83,4661,149,160.15437,163,28.80705421,63.74600451
Vampula,483,14161,600.928,0,24.21,24.22,52.63,4.61,6.52,12.03,59.052,1201.39,36.5,33.026,15.05,67,102.6,3218,49,78.79345088,78,22.70088437,61.05374081
Vanaja,484,25785,563.122,9.29,40.13,14.84,15.62,13.41,19.34,0.35,69.958,1213.84,10.9,13.369,27.16,104,186.83,5402,120,124.3648,126,24.61515445,60.97271901
Varpaisjärvi,486,138420,579.869,11.4,71.96,12.14,0.75,5.21,8.09,3.62,85.584,1080.3,4.2,4.324,10.55,88,120.02,5584,113,136.8727404,137,27.86217533,63.40475858
Vehkalahti,487,68000,599.379,4.91,29.78,20.72,17.78,7.94,11.01,29.38,70.318,1283.38,12.3,12.016,23.66,109,152.93,9351,106,44.07879925,44,27.24407756,60.68943693
Vehmaa,488,18356,619.404,2.12,14.15,13.09,35.62,0.36,1.19,48.07,64.976,1285.24,26.1,24.726,21.59,102,146.83,4098,33,14.62247191,14,21.69142815,60.67553484
Vehmersalmi,489,121685,603.573,44.3,47.03,4.87,0.78,1.74,0.11,8.96,77.608,1205.23,7.1,7.35,12.41,49,152.43,4040,96,94.65888978,93,28.07931102,62.75358387
Velkua,490,3277,584.143,0,0,0,25.89,0,0,74.11,65.514,1350.13,4.6,36.269,8.43,237,57.21,390,31,7.617647059,5,21.66897442,60.44581333
Vesanto,493,32945,518.994,23.3,69.04,8.72,1.74,1.21,3.56,2.01,85.238,1162.63,9.5,7.233,15.02,126,143.13,4823,133,127.2012635,122,26.40765981,62.92255225
Vesilahti,494,38345,574.917,20.66,42.21,10.94,18.88,0.82,8.68,10.1,75.784,1201.24,22,26.511,16.01,871,165.45,5724,78,106.3485714,113,23.48768661,61.28679079
Veteli,496,25200,510.657,4.01,43.22,19.57,6.25,5.7,39.95,0.98,66.865,1052.08,15.8,15.542,8.24,90,74.25,4086,105,111.1952487,109,23.90883627,63.39981853
Vieremä,497,298537,584.835,5.83,61.32,11.32,10.03,7.04,15.22,1.2,76.956,1011.62,2.6,3.342,13.97,76,129.67,6393,159,157.777161,159,26.99513199,63.8429294
Vihanti,498,51128,502.917,0.83,40.34,15.83,10.18,16.73,32.03,0.49,64.996,1032.55,3.1,3.988,9.55,193,106.87,3369,51,99.63636364,100,25.09822246,64.43067036
Vihti,499,51850,697.268,10.27,22.2,16.89,30.91,9.2,6.62,22.37,59.412,1283.43,19.2,23.859,25.17,110,231.44,8772,113,79.15634441,77,24.3944757,60.40898252
Viiala,500,13130,553.741,9.09,41.7,8.19,37.23,4.93,6.59,0.45,75.16,1201.84,30.1,36.734,21.54,20,188.48,3043,72,98.54098361,93,23.71397367,61.21323908
Viipuri,501,87980,635.833,2.22,32.73,6.55,23.94,31.64,3.1,4.55,70.268,1249.63,18.4,15.034,56.02,68,546.73,94245,64,18.27870888,16,28.79905732,60.7288302
Viitasaari,502,129944,529.655,28.79,60.23,8.78,1.06,1.16,5.17,6.31,83.367,1188.91,4.1,3.838,14.15,174,152.09,10019,133,133.3318529,134,25.82120972,63.10227666
Viljakkala,503,20354,644.2,13.35,23.05,13.22,22.88,8.32,7.59,26.95,80.071,1200.32,10.9,12.626,12.32,116,105.38,2507,96,127.9772727,129,23.40897532,61.73540264
Vilppula,504,103440,598.634,24.8,45.92,5.59,9.21,2.67,1.88,16.64,85.178,1205.56,8.4,7.353,34.95,33,243.98,5295,101,120.6055456,115,24.46976973,62.05043502
Vimpeli,505,22943,497.24,12.77,40.01,19.77,13.8,2.46,24.83,6.12,69.235,1069.23,16.5,15.826,7.78,68,80.57,3835,125,123.5405728,128,23.94389448,63.181263
Virolahti,506,47100,599.997,1.13,29.12,14.16,20.29,12.11,9.62,28.3,72.863,1295.74,16.6,14.491,17.42,74,136.59,6571,62,21.94153578,22,27.67449216,60.56107237
Virrat,507,111839,554.05,12.29,45.76,11.49,7.05,1.5,13.76,20.71,75.106,1127.06,5.4,8.906,16.35,115,145.39,10687,115,142.8527105,145,23.66899319,62.27986132
Virtasalmi,508,121073,553.713,21.95,64.1,9.61,0,4.02,9.5,1.51,74.838,1198.76,6.3,7.741,13.09,38,89.55,3022,81,115.1024811,114,27.42105696,62.13303071
Valkeala,510,92482,562.55,17.36,32.42,10.23,15.01,16.37,8.55,10.07,77.077,1249.79,8.3,8.793,31.61,141,211.13,11588,99,90.16988255,90,26.89024322,61.04261197
Vuolijoki,511,119110,592.107,20.05,37.58,7.63,6.09,1.23,33.59,1.69,73.578,1001.02,0.9,2.361,11.9,108,93.31,2517,111,154.1087545,148,27.0588198,64.15058837
Vuoksela,512,45322,648.137,31.39,19.2,1.97,25.56,28.03,2.52,0,64.932,1255.87,8.5,15.635,10.15,45,75.54,2940,81,22.08461538,22,29.75025266,60.69582809
Vuoksenranta,514,68722,620.414,10.02,36.05,2.74,20.5,19.13,13.64,0,65.349,1253.69,10.6,12.36,16.33,53,119.78,3602,58,25.36995828,25,29.49567262,60.84489602
Vähäkyrö,515,18978,567.627,0,49.39,15.1,42.57,1.45,2.48,4.11,65,1103.29,23.9,13.52,12.38,101,123.67,4178,38,18.71081678,19,22.07604879,63.05705284
Värtsilä,516,90382,585.824,4.08,40.98,14.04,2.06,31.88,4.93,17.16,77.354,1049.92,4.7,6.616,26.67,57,203.53,1470,140,113.6414729,117,30.67300418,62.21478131
Vöyri,517,47453,561.462,0.65,53.71,11.33,27.21,1.79,9.57,7.06,64.996,1107.73,18.2,20.411,15.42,86,86.98,6085,89,38.61100746,39,22.3349134,63.16485424
Ylihärmä,518,12934,541.398,0.37,31.44,13.33,29.51,8.75,16.51,13.78,65.009,1117.25,41.9,34.815,8.93,59,86.01,3029,53,54.69306931,54,22.7267193,63.13367873
Yli-Ii,519,146570,497.94,0.3,45.93,16.31,0,18.89,33.18,0,64.652,1006.11,1.2,1.773,9.71,138,102.69,2893,99,91.83613917,93,26.04882582,65.35953726
Ylikiiminki,520,88540,510.617,0.86,54.02,22.08,0,9.17,35.29,1.1,64.877,1017.03,1,2.903,7.85,273,77.06,3438,73,87.06633381,85,26.22287133,65.06576299
Ylämaa,521,87300,599.646,9.1,23.12,22.62,3.84,7.09,9.15,49.07,75.151,1255.33,8.3,8.653,17.43,63,101.07,2856,67,48.7560241,49,27.99695054,60.79492199
Yläne,522,33527,624.274,6.53,12.39,14.22,21.71,2.02,23.03,34.9,63.762,1226.2,9.8,15.851,11.91,113,104.01,3432,77,68.7258427,69,22.40621722,60.85137785
Ylöjärvi,523,17374,640.455,24.53,19.82,10.81,27.13,7.13,2.86,19.31,79.676,1203.8,18.2,17.374,38.89,93,282.71,5128,82,118.8188277,119,23.59982111,61.61346808
Ypäjä,524,10532,612.509,0,33.57,18.5,53.63,1.8,5.99,5.01,54.898,1191.29,31.2,37.991,15.57,80,144.22,4346,75,102.5537757,100,23.27117575,60.80364963
Ylistaro,525,43532,543.977,0.47,42.2,15.31,29.16,2.98,12.94,12.41,65.037,1109.47,33.5,18.513,13.29,54,105.04,7908,64,51.03770492,50,22.60115686,62.94076757
Ylitornio,526,273396,471.983,8.72,53.67,10.03,0,6.02,20.32,9.66,85.055,921.68,0.3,1.941,11.85,559,122.64,7024,238,127.3091537,124,24.38279441,66.44808135
Ylivieska,527,57316,502.321,0.43,62.75,14.27,15.34,0.88,15.04,5.7,64.696,1028.34,6.9,12.076,10.25,146,95.63,8327,74,83.08783344,82,24.64942425,64.06181906
Ähtäri,528,64208,559.325,15.16,56.31,11.87,4.1,1.73,21.01,3.19,79.426,1063.19,4.7,6.237,15.04,140,134.27,7384,97,185.4734552,186,24.1988295,62.57471783
Äyräpää,529,77450,646.692,16.55,54.64,4.85,13.2,21.93,7.79,0,64.779,1254.45,10.8,8.813,34.89,120,174.46,6113,69,28.81902985,27,29.50434237,60.71088056
Äänekoski,530,91714,532.674,20.33,66.27,5.83,2.86,5.52,0.96,4.9,85.022,1169.46,7.4,7.976,31.22,59,217.9,6931,163,141.40417,143,25.71399706,62.62033684
Hämeenlinna,532,9715,557.428,7.33,39.59,6.62,16.65,18.57,13.64,2.17,76.198,1209.77,12.4,13.777,54.61,96,384.22,12203,84,123.7252125,125,24.351267,60.96420567
Riihimäki,533,51855,659.791,4.51,28.77,17.11,33.43,9.11,14.63,9.56,64.835,1239.78,19.3,18.988,46.28,22,322.76,11736,65,108.9421769,108,24.73673076,60.71182902
Kerava,534,28484,649.328,0,19.58,32.95,56.77,1.53,3.76,18.37,54.913,1261.1,20.4,35.99,42.63,10,292.03,5741,23,52.34246575,51,25.1165437,60.40060155
Kuusankoski,535,92482,563.945,14.18,20.34,0.68,27.01,13.67,6.19,9.71,65.076,1251.8,8.3,16.7,57.35,19,265.02,16569,64,70.7425,70,26.6388499,60.92731807
Korpiselkä (karj.),537,130853,587.359,10.38,69.89,5.04,0,11.6,4.43,0,84.878,1042.92,0.7,2.042,13.16,191,133.81,3584,149,181.9315789,184,31.38239389,62.32350818
Valkeakoski,539,24320,538.914,26.14,27.68,5.64,25.69,5.15,7.77,8.38,67.307,1200.46,26.8,29.956,31.45,54,268.19,5759,66,98.64116576,98,24.01971998,61.24811763
